Country,Rank,Score,Incidents,Fatalities,Injuries,Hostages,Year,Terrorist_attacks,Region
Afghanistan,3,9.134264555,507,1511,2612,67,2012,1469,Asia
Algeria,14,6.695682208,41,43,135,1,2012,41,Asia
Burundi,32,4.735279505,0,0,0,0,2012,4,Asia
Belarus,36,4.567116169,0,0,0,0,2012,3,Asia
Bangladesh,37,4.453522372,7,5,24,0,2012,18,Asia
Bulgaria,42,4.254761596,2,8,32,0,2012,2,Asia
Afghanistan,3,8.935457856,259,923,1232,42,2013,1443,Asia
Central African Republic,44,4.172716745,1,1,6,0,2012,4,Asia
Afghanistan,4,8.899861383,356,1143,1531,19,2014,1824,Asia
Afghanistan,3,8.864294012,312,1008,1835,361,2015,1928,Asia
Afghanistan,3,8.713573211,179,643,643,153,2016,1616,Africa
Afghanistan,2,8.852158257,314,1256,2168,74,2017,1415,Africa
Afghanistan,2,9.066528918,379,1624,2882,466,2018,1777,Africa
Bahrain,49,3.82137931,10,2,17,0,2012,26,Africa
Afghanistan,1,9.039005605,380,1194,2727,2727,2019,1806,Africa
Afghanistan,1,9.05633576,643,1292,2395,101,2020,2604,Africa
Afghanistan,1,9.130088594,889,1499,2341,91,2021,1453,Africa
Cameroon,58,3.230246402,0,0,0,0,2012,0,Africa
Argentina,63,2.810898816,2,0,0,0,2012,2,Africa
Azerbaijan,69,2.408456264,0,0,0,0,2012,0,Africa
Angola,72,2.364659954,0,0,0,0,2012,0,Africa
Bosnia and Herzegovina,80,1.973786701,0,0,0,0,2012,0,Africa
Cambodia,81,1.9559553,1,0,3,0,2012,0,Africa
Bhutan,85,1.71909842,0,0,0,0,2012,0,Africa
Austria,87,1.520181983,0,0,0,0,2012,0,Africa
Bolivia,94,0.950071442,0,0,0,0,2012,1,Africa
Canada,95,0.890406939,0,0,0,0,2012,3,Africa
Belgium,97,0.826318935,0,0,0,0,2012,1,Africa
Brazil,97,0.826318935,0,0,0,0,2012,1,Africa
Albania,97,0.826318935,0,0,0,0,2012,0,Europe
Armenia,111,0.157670278,0,0,0,0,2012,0,Europe
Burkina Faso,112,0,0,0,0,0,2012,0,Europe
Australia,112,0,0,0,0,0,2012,0,Europe
Benin,112,0,0,0,0,0,2012,0,Europe
Botswana,112,0,0,0,0,0,2012,0,Europe
Albania,99,0.508313379,0,0,0,0,2013,1,Europe
Albania,105,0.226890594,0,0,0,0,2014,2,Europe
Albania,106,0,0,0,0,0,2015,4,Europe
Albania,106,0,0,0,0,0,2016,2,Europe
Albania,108,0,0,0,0,0,2017,1,Europe
Albania,110,0,0,0,0,0,2018,0,Europe
Albania,112,0,0,0,0,0,2019,1,Europe
Albania,105,0,0,0,0,0,2020,1,Europe
Albania,96,0,0,0,0,0,2021,1,Europe
Algeria,16,6.476253966,13,46,26,107,2013,22,Europe
Bangladesh,34,4.520579161,14,3,19,0,2013,138,Europe
Algeria,20,6.129568068,10,33,0,0,2014,13,Europe
Bahrain,35,4.488905173,20,2,34,0,2013,52,Europe
Algeria,26,5.794740634,12,22,14,0,2015,15,Europe
Algeria,32,5.345504394,6,11,11,0,2016,9,Asia
Algeria,37,5.032906221,8,7,16,0,2017,14,Asia
Algeria,36,5.113016419,8,18,15,0,2018,7,Asia
Algeria,39,4.751068682,7,2,17,17,2019,0,Asia
Burundi,40,4.138021283,0,0,0,0,2013,2,Asia
Algeria,43,4.326212635,2,3,0,0,2020,4,Asia
Algeria,40,4.426001614,3,8,6,0,2021,1,Asia
Belarus,44,3.949012924,0,0,0,0,2013,0,Asia
Bulgaria,50,3.661622681,0,0,0,0,2013,3,Asia
Central African Republic,51,3.580201249,0,0,0,0,2013,21,Asia
Cameroon,58,3.079565214,1,0,0,7,2013,3,Europe
Argentina,66,2.581994735,2,0,0,0,2013,2,Europe
Bosnia and Herzegovina,77,1.840478381,1,0,0,0,2013,1,Europe
Angola,82,1.657739905,0,0,0,0,2013,0,Europe
Azerbaijan,83,1.520181983,0,0,0,0,2013,0,Europe
Cambodia,85,1.425747276,0,0,0,0,2013,2,Europe
Austria,91,1.032494951,0,0,0,0,2013,1,Europe
Bolivia,97,0.555070295,0,0,0,0,2013,0,Europe
Belgium,99,0.508313379,0,0,0,0,2013,0,Africa
Brazil,99,0.508313379,0,0,0,0,2013,3,Africa
Canada,104,0.406455517,0,0,0,0,2013,4,Africa
Bhutan,105,0.290978598,0,0,0,0,2013,0,Africa
Burkina Faso,110,0,0,0,0,0,2013,1,Africa
Australia,110,0,0,0,0,0,2013,1,Africa
Benin,110,0,0,0,0,0,2013,0,Africa
Armenia,110,0,0,0,0,0,2013,1,Africa
Botswana,110,0,0,0,0,0,2013,0,Africa
Angola,74,2.016820071,2,0,0,0,2014,0,Africa
Angola,90,1.24105004,0,0,0,0,2015,0,Africa
Angola,95,0.826318935,0,0,0,0,2016,2,Africa
Angola,102,0.508313379,0,0,0,0,2017,6,Africa
Angola,90,1.319721733,1,0,0,0,2018,0,Africa
Angola,96,0.826318935,0,0,0,0,2019,1,Africa
Angola,91,0.508313379,0,0,0,0,2020,1,Africa
Angola,89,0.290978598,0,0,0,0,2021,0,Africa
Cameroon,19,6.176446614,15,120,16,13,2014,69,Africa
Bahrain,27,4.86982856,30,6,22,0,2014,42,Americas
Bangladesh,37,4.185120353,4,2,2,0,2014,130,Americas
Central African Republic,39,4.054658058,1,6,10,0,2014,94,Americas
Burundi,52,3.533520832,0,0,0,0,2014,5,Americas
Belarus,56,3.358527706,0,0,0,0,2014,0,Americas
Belgium,60,3.074637609,1,3,1,0,2014,2,Americas
Bulgaria,60,3.074637609,0,0,0,0,2014,1,Americas
Canada,62,2.887819917,2,2,1,0,2014,3,Americas
Australia,66,2.72646182,1,2,0,0,2014,8,Americas
Argentina,75,1.991257847,0,0,0,0,2014,1,Americas
Argentina,94,1.154498636,0,0,0,0,2015,1,Asia
Argentina,87,1.458384821,1,0,0,0,2016,2,Asia
Argentina,61,3.11329398,9,0,3,0,2017,3,Asia
Argentina,60,3.393403089,10,0,0,0,2018,5,Asia
Argentina,63,3.002529836,2,0,0,0,2019,1,Asia
Argentina,67,2.429549804,0,0,0,0,2020,5,Asia
Argentina,57,2.773218736,5,0,0,0,2021,2,Asia
Bosnia and Herzegovina,84,1.338320133,0,0,0,0,2014,3,Asia
Azerbaijan,90,1.058311564,0,0,0,0,2014,3,Asia
Cambodia,92,0.950071442,0,0,0,0,2014,0,Asia
Brazil,100,0.290978598,0,0,0,0,2014,3,Asia
Armenia,110,0,0,0,0,0,2014,0,Asia
Armenia,106,0,0,0,0,0,2015,2,Asia
Armenia,88,1.24105004,1,0,0,0,2016,2,Asia
Armenia,96,0.826318935,0,0,0,0,2017,0,Asia
Armenia,103,0.508313379,0,0,0,0,2018,1,Asia
Burkina Faso,110,0,0,0,0,0,2014,0,Asia
Armenia,105,0.290978598,0,0,0,0,2019,0,Asia
Armenia,100,0.157670278,0,0,0,0,2020,0,Asia
Austria,110,0,0,0,0,0,2014,0,Asia
Armenia,96,0,0,0,0,0,2021,0,Oceania
Benin,110,0,0,0,0,0,2014,0,Oceania
Bolivia,110,0,0,0,0,0,2014,0,Oceania
Bhutan,110,0,0,0,0,0,2014,1,Oceania
Botswana,110,0,0,0,0,0,2014,0,Oceania
Cameroon,11,7.394734608,44,292,876,122,2015,83,Oceania
Bangladesh,30,5.406431664,24,17,137,0,2015,469,Oceania
Central African Republic,35,5.172244048,6,30,21,8,2015,49,Oceania
Burundi,36,5.149441343,12,20,80,0,2015,102,Oceania
Bahrain,39,4.505123485,3,2,9,0,2015,18,Oceania
Burkina Faso,52,3.4717775,3,4,3,1,2015,6,Europe
Bosnia and Herzegovina,53,3.413672586,3,3,7,0,2015,6,Europe
Australia,66,2.783659012,1,1,0,0,2015,12,Europe
Belarus,67,2.773218736,0,0,0,0,2015,0,Europe
Belgium,68,2.762650878,2,0,0,0,2015,0,Europe
Bulgaria,70,2.499571226,0,0,0,0,2015,2,Europe
Canada,71,2.489908641,1,0,0,0,2015,5,Europe
Brazil,82,1.730864483,2,0,0,0,2015,5,Europe
Australia,70,2.632879546,2,0,0,0,2016,9,Europe
Australia,64,2.900000291,1,1,3,0,2017,4,Europe
Australia,66,3.089336982,2,1,3,0,2018,3,Asia
Azerbaijan,100,0.68185185,0,0,0,0,2015,0,Asia
Australia,67,2.624603958,1,0,0,0,2019,2,Asia
Australia,59,3.021128237,1,2,0,0,2020,5,Asia
Cambodia,102,0.599428341,0,0,0,0,2015,0,Asia
Australia,61,2.434743768,0,0,0,0,2021,1,Asia
Austria,106,0,0,0,0,0,2015,0,Asia
Benin,106,0,0,0,0,0,2015,0,Asia
Bolivia,106,0,0,0,0,0,2015,0,Asia
Bhutan,106,0,0,0,0,0,2015,0,Asia
Botswana,106,0,0,0,0,0,2015,0,Africa
Austria,62,3.141192925,2,2,2,0,2016,3,Africa
Austria,69,2.5643453,0,0,0,0,2017,1,Africa
Austria,76,2.341900948,1,0,1,0,2018,1,Africa
Austria,82,1.798285023,0,0,0,0,2019,0,Africa
Austria,50,3.803482787,1,4,22,0,2020,4,Africa
Austria,53,3.256669844,1,0,0,0,2021,0,Africa
Cameroon,11,7.26428119,35,148,148,5,2016,58,Africa
Azerbaijan,88,1.24105004,1,0,0,0,2016,2,Africa
Azerbaijan,96,0.826318935,0,0,0,0,2017,2,Asia
Azerbaijan,103,0.508313379,0,0,0,0,2018,1,Asia
Azerbaijan,105,0.290978598,0,0,0,0,2019,0,Asia
Azerbaijan,100,0.157670278,0,0,0,0,2020,0,Asia
Azerbaijan,96,0,0,0,0,0,2021,0,Asia
Bangladesh,29,5.750886302,24,42,42,0,2016,89,Asia
Belgium,27,5.773636587,5,32,32,0,2016,6,Europe
Bosnia and Herzegovina,93,0,0,0,0,0,2022,,Africa
Burkina Faso,30,5.61260263,6,53,53,2,2016,10,Africa
Burundi,44,4.521970621,2,0,0,0,2016,83,Africa
Bahrain,49,4.384093021,9,3,3,0,2016,3,Europe
Bosnia and Herzegovina,65,2.824203575,0,0,0,0,2016,0,Europe
Canada,67,2.741119667,3,0,0,0,2016,6,Europe
Bulgaria,77,1.937748474,0,0,0,0,2016,1,Europe
Brazil,79,1.730864483,1,0,0,0,2016,3,Europe
Cambodia,105,0.350643101,0,0,0,0,2016,0,Europe
Benin,106,0,0,0,0,0,2016,0,Europe
Bahrain,45,4.585396304,14,4,25,0,2017,21,Europe
Bahrain,52,3.952601279,0,0,0,0,2018,1,Europe
Bahrain,61,3.250643393,0,0,0,0,2019,0,Europe
Bahrain,63,2.616248412,0,0,0,0,2020,0,Asia
Bahrain,65,2.141691326,1,0,0,0,2021,0,Asia
Belarus,106,0,0,0,0,0,2016,0,Asia
Bolivia,106,0,0,0,0,0,2016,0,Asia
Bhutan,106,0,0,0,0,0,2016,0,Asia
Botswana,106,0,0,0,0,0,2016,0,Asia
Bangladesh,30,5.593618784,20,11,57,0,2017,41,Asia
Bangladesh,38,5.033162874,2,1,1,0,2018,33,Asia
Bangladesh,40,4.75071302,10,1,21,21,2019,32,Asia
Bangladesh,41,4.417153226,5,1,19,1,2020,30,Asia
Bangladesh,41,4.405566311,2,6,20,0,2021,10,Asia
Cameroon,12,7.274045966,87,170,194,33,2017,111,Asia
Burkina Faso,21,6.219222904,60,72,65,7,2017,32,Asia
Belgium,33,5.219437839,6,0,1,0,2017,3,Asia
Burundi,35,5.15190546,4,13,97,0,2017,21,Asia
Central African Republic,43,4.697529046,0,0,0,0,2017,43,Asia
Canada,49,4.245878838,8,6,25,0,2017,16,Asia
Bosnia and Herzegovina,73,2.257168246,0,0,0,0,2017,0,Asia
Belarus,108,0,0,0,0,0,2017,0,Africa
Belarus,110,0,0,0,0,0,2018,0,Africa
Belarus,112,0,0,0,0,0,2019,0,Africa
Brazil,89,1.24105004,0,0,0,0,2017,2,Africa
Belarus,105,0,0,0,0,0,2020,2,Africa
Belarus,96,0,0,0,0,0,2021,0,Africa
Benin,108,0,0,0,0,0,2017,0,Africa
Bulgaria,108,0,0,0,0,0,2017,0,Africa
Bolivia,108,0,0,0,0,0,2017,0,Africa
Bhutan,108,0,0,0,0,0,2017,0,Africa
Botswana,108,0,0,0,0,0,2017,0,Americas
Belgium,43,4.778713598,2,3,3,1,2018,3,Americas
Cambodia,108,0,0,0,0,0,2017,0,Americas
Belgium,48,4.175488517,0,0,0,0,2019,1,Americas
Belgium,51,3.580201249,0,0,0,0,2020,3,Americas
Belgium,70,1.742472607,0,0,0,0,2021,2,Americas
Cameroon,10,7.623656579,276,279,287,293,2018,236,Americas
Burkina Faso,15,6.852426262,137,144,140,33,2018,72,Americas
Canada,44,4.71438713,2,12,27,0,2018,7,Americas
Burundi,46,4.554711148,0,0,0,0,2018,10,Americas
Central African Republic,51,4.101875449,0,0,0,0,2018,46,Americas
Benin,110,0,0,0,0,0,2018,0,Americas
Benin,71,2.45014107,1,1,0,0,2019,1,Americas
Benin,73,1.900142885,0,0,0,0,2020,1,Americas
Benin,51,3.599268308,4,3,11,0,2021,1,Americas
Bosnia and Herzegovina,84,1.707170061,0,0,0,0,2018,2,Americas
Brazil,87,1.520181983,1,0,0,0,2018,12,Americas
Bulgaria,110,0,0,0,0,0,2018,1,Americas
Bolivia,110,0,0,0,0,0,2018,2,Americas
Bhutan,110,0,0,0,0,0,2018,0,Americas
Botswana,110,0,0,0,0,0,2018,0,Americas
Bhutan,112,0,0,0,0,0,2019,0,Americas
Bhutan,105,0,0,0,0,0,2020,0,Americas
Bhutan,96,0,0,0,0,0,2021,0,Americas
Cambodia,110,0,0,0,0,0,2018,1,Americas
Burkina Faso,7,7.893449849,266,682,221,221,2019,161,Americas
Cameroon,10,7.784721091,222,288,210,210,2019,146,Americas
Bolivia,112,0,0,0,0,0,2019,1,Americas
Bolivia,105,0,0,0,0,0,2020,9,Americas
Bolivia,96,0,0,0,0,0,2021,0,Africa
Bosnia and Herzegovina,91,1.220210663,0,0,0,0,2019,0,Africa
Bosnia and Herzegovina,105,0,0,0,0,0,2020,0,Africa
Canada,49,4.135851164,1,0,0,0,2019,5,Africa
Bosnia and Herzegovina,96,0,0,0,0,0,2021,0,Africa
Burundi,52,3.959733627,0,0,0,0,2019,6,Africa
Central African Republic,59,3.47333709,0,0,0,0,2019,15,Africa
Brazil,80,1.973786701,2,0,0,0,2019,3,Africa
Botswana,112,0,0,0,0,0,2019,0,Africa
Botswana,105,0,0,0,0,0,2020,0,Africa
Botswana,96,0,0,0,0,0,2021,0,Africa
Bulgaria,112,0,0,0,0,0,2019,0,Africa
Cambodia,112,0,0,0,0,0,2019,0,Africa
Brazil,82,1.425747276,0,0,0,0,2020,6,Africa
Brazil,83,0.950071442,0,0,0,0,2021,4,Africa
Burkina Faso,6,8.120392472,193,666,187,35,2020,110,Africa
Cameroon,11,7.632021997,119,222,104,130,2020,145,Africa
Canada,46,4.010593069,4,3,1,0,2020,14,Africa
Burundi,56,3.145756483,0,0,0,0,2020,7,Africa
Central African Republic,66,2.460255715,0,0,0,0,2020,36,Africa
Bulgaria,105,0,0,0,0,0,2020,1,Europe
Bulgaria,96,0,0,0,0,0,2021,0,Europe
Cambodia,105,0,0,0,0,0,2020,1,Asia
Burkina Faso,4,8.281140305,224,759,239,39,2021,53,Africa
Cameroon,12,7.466861111,102,176,135,28,2021,46,Africa
Burundi,33,4.716610247,6,5,92,0,2021,6,Africa
Canada,48,3.937246861,1,4,1,0,2021,12,Americas
Central African Republic,67,1.900142885,1,0,3,0,2021,18,Africa
Cambodia,96,0,0,0,0,0,2021,0,Asia
Chad,91,1.058311564,0,0,0,0,2012,0,Africa
Chad,94,0.68185185,0,0,0,0,2013,0,Africa
Chad,99,0.406455517,0,0,0,0,2014,1,Africa
Chad,17,6.736976178,16,172,416,30,2015,27,Africa
Chad,20,6.277140694,5,11,11,0,2016,5,Africa
Chad,24,5.814926345,1,9,20,0,2017,6,Africa
Chad,25,5.836680692,5,40,13,10,2018,12,Africa
Chad,22,6.234581905,15,83,35,35,2019,14,Africa
Chad,16,6.650341912,11,143,100,11,2020,15,Africa
Chad,19,6.37022632,5,48,11,0,2021,2,Africa
Chile,64,2.804168881,1,0,0,0,2012,2,Americas
Chile,56,3.228179992,3,2,0,0,2013,5,Americas
Chile,40,3.945409617,15,0,17,0,2014,17,Americas
Chile,47,3.851079063,12,0,0,0,2015,1,Americas
Chile,51,4.137298515,23,0,0,0,2016,19,Americas
Chile,46,4.529354165,37,0,6,0,2017,17,Americas
Chile,35,5.122556805,81,1,7,0,2018,47,Americas
Chile,29,5.48370374,103,1,27,27,2019,27,Americas
Chile,23,5.987330439,198,6,26,0,2020,54,Americas
Chile,18,6.534469406,387,1,98,1,2021,45,Americas
China,30,5.010017149,2,13,10,0,2012,4,Asia
China,27,4.986234864,4,8,49,0,2013,12,Asia
China,18,6.275128911,11,72,332,0,2014,37,Asia
China,21,6.618601375,6,126,109,0,2015,17,Asia
China,22,6.054938254,2,3,3,0,2016,5,Asia
China,28,5.623173678,4,10,8,0,2017,6,Asia
China,39,5.011334025,0,0,0,0,2018,1,Asia
China,47,4.178940787,0,0,0,0,2019,14,Asia
China,64,2.5643453,0,0,0,0,2020,21,Asia
China,68,1.860827374,0,0,0,0,2021,5,Asia
Colombia,12,7.38634935,119,181,484,21,2012,115,Americas
Colombia,10,7.378836375,217,140,291,19,2013,149,Americas
Colombia,12,7.127657501,112,59,232,14,2014,231,Americas
Colombia,15,7.102306592,190,103,158,7,2015,136,Americas
Colombia,17,6.821868204,104,44,44,13,2016,110,Americas
Colombia,16,6.737977426,95,57,200,4,2017,119,Americas
Colombia,14,7.059324909,233,131,185,49,2018,206,Americas
Colombia,12,7.354479771,342,154,374,374,2019,230,Americas
Colombia,14,7.308849224,184,156,89,27,2020,171,Americas
Colombia,14,7.087595426,75,78,195,7,2021,76,Americas
Costa Rica,112,0,0,0,0,0,2012,0,Americas
Costa Rica,110,0,0,0,0,0,2013,0,Americas
Costa Rica,110,0,0,0,0,0,2014,0,Americas
Costa Rica,106,0,0,0,0,0,2015,0,Americas
Costa Rica,106,0,0,0,0,0,2016,0,Americas
Costa Rica,108,0,0,0,0,0,2017,0,Americas
Costa Rica,110,0,0,0,0,0,2018,0,Americas
Costa Rica,112,0,0,0,0,0,2019,2,Americas
Costa Rica,105,0,0,0,0,0,2020,0,Americas
Costa Rica,96,0,0,0,0,0,2021,0,Americas
Croatia,112,0,0,0,0,0,2012,0,Europe
Croatia,83,1.520181983,1,0,1,0,2013,2,Europe
Croatia,90,1.058311564,0,0,0,0,2014,0,Europe
Croatia,100,0.68185185,0,0,0,0,2015,0,Europe
Croatia,104,0.406455517,0,0,0,0,2016,0,Europe
Croatia,107,0.226890594,0,0,0,0,2017,0,Europe
Croatia,110,0,0,0,0,0,2018,0,Europe
Croatia,112,0,0,0,0,0,2019,0,Europe
Croatia,105,0,0,0,0,0,2020,1,Europe
Croatia,96,0,0,0,0,0,2021,0,Europe
Cuba,112,0,0,0,0,0,2012,0,Americas
Cuba,110,0,0,0,0,0,2013,0,Americas
Cuba,110,0,0,0,0,0,2014,0,Americas
Cuba,106,0,0,0,0,0,2015,0,Americas
Cuba,106,0,0,0,0,0,2016,0,Americas
Cuba,108,0,0,0,0,0,2017,0,Americas
Cuba,110,0,0,0,0,0,2018,0,Americas
Cuba,112,0,0,0,0,0,2019,0,Americas
Cuba,105,0,0,0,0,0,2020,0,Americas
Cuba,96,0,0,0,0,0,2021,0,Americas
Cyprus,97,0.826318935,0,0,0,0,2012,1,Asia
Cyprus,99,0.508313379,0,0,0,0,2013,2,Asia
Cyprus,100,0.290978598,0,0,0,0,2014,2,Asia
Cyprus,105,0.157670278,0,0,0,0,2015,0,Asia
Cyprus,88,1.24105004,1,0,0,0,2016,2,Asia
Cyprus,82,1.730864483,1,0,1,0,2017,0,Asia
Cyprus,91,1.24105004,0,0,0,0,2018,0,Asia
Cyprus,96,0.826318935,0,0,0,0,2019,0,Asia
Cyprus,83,1.391829506,1,0,0,0,2020,11,Asia
Cyprus,66,1.928499271,2,0,0,0,2021,0,Asia
Denmark,97,0.826318935,0,0,0,0,2012,0,Europe
Denmark,99,0.508313379,0,0,0,0,2013,1,Europe
Denmark,100,0.290978598,0,0,0,0,2014,0,Europe
Denmark,61,3.064697359,2,2,5,0,2015,5,Europe
Denmark,73,2.489908641,0,0,0,0,2016,1,Europe
Denmark,78,1.937748474,0,0,0,0,2017,0,Europe
Denmark,82,1.840478381,1,0,0,0,2018,1,Europe
Denmark,88,1.338320133,0,0,0,0,2019,2,Europe
Denmark,91,0.508313379,0,0,0,0,2020,0,Europe
Denmark,89,0.290978598,0,0,0,0,2021,0,Europe
Djibouti,112,0,0,0,0,0,2012,0,Africa
Djibouti,110,0,0,0,0,0,2013,0,Africa
Djibouti,68,2.665211995,1,0,11,0,2014,1,Africa
Djibouti,78,2.104570079,0,0,0,0,2015,1,Africa
Djibouti,83,1.577856169,0,0,0,0,2016,0,Africa
Djibouti,94,1.10774172,0,0,0,0,2017,1,Africa
Djibouti,101,0.720293392,0,0,0,0,2018,0,Africa
Djibouti,112,0,0,0,0,0,2019,0,Africa
Djibouti,105,0,0,0,0,0,2020,0,Africa
Djibouti,96,0,0,0,0,0,2021,4,Africa
Dominican Republic,112,0,0,0,0,0,2012,0,Americas
Dominican Republic,110,0,0,0,0,0,2013,1,Americas
Dominican Republic,110,0,0,0,0,0,2014,0,Americas
Dominican Republic,106,0,0,0,0,0,2015,0,Americas
Dominican Republic,106,0,0,0,0,0,2016,0,Americas
Dominican Republic,108,0,0,0,0,0,2017,1,Americas
Dominican Republic,110,0,0,0,0,0,2018,0,Americas
Dominican Republic,112,0,0,0,0,0,2019,0,Americas
Dominican Republic,105,0,0,0,0,0,2020,0,Americas
Dominican Republic,96,0,0,0,0,0,2021,0,Americas
Ecuador,106,0.290978598,0,0,0,0,2012,1,Americas
Ecuador,89,1.281280191,1,0,0,0,2013,2,Americas
Ecuador,94,0.826318935,0,0,0,0,2014,0,Americas
Ecuador,87,1.391829506,1,0,0,0,2015,1,Americas
Ecuador,94,0.950071442,0,0,0,0,2016,6,Americas
Ecuador,101,0.599428341,0,0,0,0,2017,3,Americas
Ecuador,48,4.334311083,8,6,39,2,2018,11,Americas
Ecuador,53,3.936335113,2,1,2,2,2019,3,Americas
Ecuador,54,3.344173977,0,0,0,0,2020,5,Americas
Ecuador,58,2.762650878,0,0,0,0,2021,0,Americas
Egypt,17,5.804261379,45,31,45,50,2012,49,Africa
Egypt,15,6.792710322,91,132,376,4,2013,321,Africa
Egypt,11,7.216263701,145,200,335,0,2014,354,Africa
Egypt,7,7.839074178,257,481,647,41,2015,647,Africa
Egypt,8,7.892519323,221,349,349,0,2016,376,Africa
Egypt,6,8.179634881,160,703,601,9,2017,225,Africa
Egypt,7,7.851519019,117,185,174,0,2018,54,Africa
Egypt,11,7.579491016,84,151,218,218,2019,63,Africa
Egypt,13,7.309144678,112,119,99,17,2020,57,Africa
Egypt,15,6.95225716,45,71,36,17,2021,11,Africa
El Salvador,65,2.5643453,0,0,0,0,2012,0,Americas
El Salvador,72,2.008383006,0,0,0,0,2013,0,Americas
El Salvador,84,1.338320133,0,0,0,0,2014,0,Americas
El Salvador,106,0,0,0,0,0,2015,0,Americas
El Salvador,106,0,0,0,0,0,2016,0,Americas
El Salvador,108,0,0,0,0,0,2017,0,Americas
El Salvador,110,0,0,0,0,0,2018,0,Americas
El Salvador,112,0,0,0,0,0,2019,0,Americas
El Salvador,105,0,0,0,0,0,2020,0,Americas
El Salvador,96,0,0,0,0,0,2021,1,Americas
Equatorial Guinea,112,0,0,0,0,0,2012,0,Africa
Equatorial Guinea,110,0,0,0,0,0,2013,0,Africa
Equatorial Guinea,110,0,0,0,0,0,2014,0,Africa
Equatorial Guinea,106,0,0,0,0,0,2015,0,Africa
Equatorial Guinea,106,0,0,0,0,0,2016,0,Africa
Equatorial Guinea,108,0,0,0,0,0,2017,0,Africa
Equatorial Guinea,110,0,0,0,0,0,2018,0,Africa
Equatorial Guinea,112,0,0,0,0,0,2019,0,Africa
Equatorial Guinea,105,0,0,0,0,0,2020,0,Africa
Equatorial Guinea,96,0,0,0,0,0,2021,0,Africa
Eritrea,61,3.141192925,0,0,0,0,2012,0,Africa
Eritrea,68,2.527927612,0,0,0,0,2013,0,Africa
Eritrea,77,1.973786701,0,0,0,0,2014,0,Africa
Eritrea,106,0,0,0,0,0,2015,0,Africa
Eritrea,106,0,0,0,0,0,2016,0,Africa
Eritrea,108,0,0,0,0,0,2017,0,Africa
Eritrea,110,0,0,0,0,0,2018,0,Africa
Eritrea,112,0,0,0,0,0,2019,0,Africa
Eritrea,105,0,0,0,0,0,2020,7,Africa
Eritrea,96,0,0,0,0,0,2021,0,Africa
Estonia,84,1.819639004,0,0,0,0,2012,0,Europe
Estonia,88,1.319721733,0,0,0,0,2013,0,Europe
Estonia,93,0.890406939,0,0,0,0,2014,0,Europe
Estonia,103,0.555070295,0,0,0,0,2015,1,Europe
Estonia,106,0,0,0,0,0,2016,0,Europe
Estonia,108,0,0,0,0,0,2017,0,Europe
Estonia,110,0,0,0,0,0,2018,0,Europe
Estonia,112,0,0,0,0,0,2019,0,Europe
Estonia,105,0,0,0,0,0,2020,0,Europe
Estonia,96,0,0,0,0,0,2021,2,Europe
Eswatini,102,0.792401165,0,0,0,0,2012,0,Africa
Eswatini,110,0,0,0,0,0,2013,0,Africa
Eswatini,110,0,0,0,0,0,2014,0,Africa
Eswatini,106,0,0,0,0,0,2015,0,Africa
Eswatini,106,0,0,0,0,0,2016,0,Africa
Eswatini,108,0,0,0,0,0,2017,0,Africa
Eswatini,110,0,0,0,0,0,2018,0,Africa
Eswatini,112,0,0,0,0,0,2019,0,Africa
Eswatini,105,0,0,0,0,0,2020,0,Africa
Eswatini,73,1.520181983,1,0,1,0,2021,0,Africa
Ethiopia,29,5.041844062,2,24,8,4,2012,3,Africa
Ethiopia,31,4.601608968,2,4,0,0,2013,5,Africa
Ethiopia,31,4.531648654,1,9,0,0,2014,2,Africa
Ethiopia,44,4.300853799,2,1,24,0,2015,7,Africa
Ethiopia,54,3.700826778,0,0,0,0,2016,13,Africa
Ethiopia,25,5.738034244,30,54,74,0,2017,28,Africa
Ethiopia,33,5.158146256,2,0,2,0,2018,10,Africa
Ethiopia,41,4.624137393,1,0,9,9,2019,26,Africa
Ethiopia,42,4.352541899,1,0,29,0,2020,53,Africa
Ethiopia,49,3.758732761,0,0,0,0,2021,36,Africa
Finland,110,0.226890594,0,0,0,0,2012,0,Europe
Finland,110,0,0,0,0,0,2013,0,Europe
Finland,110,0,0,0,0,0,2014,0,Europe
Finland,106,0,0,0,0,0,2015,9,Europe
Finland,106,0,0,0,0,0,2016,3,Europe
Finland,62,3.103790672,1,2,8,0,2017,2,Europe
Finland,73,2.527927612,0,0,0,0,2018,1,Europe
Finland,80,1.973786701,0,0,0,0,2019,3,Europe
Finland,81,1.458384821,0,0,0,0,2020,1,Europe
Finland,82,1.005883858,0,0,0,0,2021,0,Europe
France,38,4.359280574,8,8,2,4,2012,66,Europe
France,46,3.802418427,1,0,1,0,2013,18,Europe
France,46,3.736033497,3,0,16,0,2014,14,Europe
France,18,6.654602759,10,145,445,15,2015,38,Europe
France,16,6.830356595,9,90,90,0,2016,25,Europe
France,20,6.341824367,41,3,17,0,2017,42,Europe
France,23,5.9908987,26,10,39,8,2018,13,Europe
France,26,5.618360953,25,4,22,22,2019,21,Europe
France,30,5.245722865,25,7,12,0,2020,24,Europe
France,36,4.573689235,7,1,0,0,2021,19,Europe
Gabon,112,0,0,0,0,0,2012,0,Africa
Gabon,110,0,0,0,0,0,2013,0,Africa
Gabon,110,0,0,0,0,0,2014,0,Africa
Gabon,106,0,0,0,0,0,2015,0,Africa
Gabon,106,0,0,0,0,0,2016,0,Africa
Gabon,82,1.730864483,1,0,2,0,2017,4,Africa
Gabon,91,1.24105004,0,0,0,0,2018,0,Africa
Gabon,96,0.826318935,0,0,0,0,2019,1,Africa
Gabon,91,0.508313379,0,0,0,0,2020,0,Africa
Gabon,89,0.290978598,0,0,0,0,2021,0,Africa
Georgia,41,4.277192625,7,5,11,5,2012,3,Asia
Georgia,47,3.760970259,1,1,1,0,2013,2,Asia
Georgia,59,3.101398437,0,0,0,0,2014,2,Asia
Georgia,73,2.439906722,0,0,0,0,2015,1,Asia
Georgia,71,2.590686188,1,0,0,0,2016,4,Asia
Georgia,81,1.742472607,0,0,0,0,2017,1,Asia
Georgia,94,1.154498636,0,0,0,0,2018,1,Asia
Georgia,100,0.757098619,0,0,0,0,2019,0,Asia
Georgia,94,0.458883223,0,0,0,0,2020,1,Asia
Georgia,96,0,0,0,0,0,2021,0,Asia
Germany,59,3.219864618,3,0,0,0,2012,5,Europe
Germany,64,2.641076691,0,0,0,0,2013,0,Europe
Germany,72,2.282236444,1,0,0,0,2014,14,Europe
Germany,51,3.628406486,3,5,1,0,2015,68,Europe
Germany,34,5.201882245,29,15,15,0,2016,45,Europe
Germany,39,4.868587825,16,1,8,0,2017,28,Europe
Germany,41,4.913349305,47,0,2,0,2018,24,Europe
Germany,36,4.915997982,26,3,22,22,2019,17,Europe
Germany,31,5.124637022,28,11,21,0,2020,33,Europe
Germany,31,4.745360461,20,0,1,0,2021,13,Europe
Ghana,112,0,0,0,0,0,2012,0,Africa
Ghana,110,0,0,0,0,0,2013,0,Africa
Ghana,110,0,0,0,0,0,2014,1,Africa
Ghana,106,0,0,0,0,0,2015,0,Africa
Ghana,106,0,0,0,0,0,2016,1,Africa
Ghana,108,0,0,0,0,0,2017,0,Africa
Ghana,110,0,0,0,0,0,2018,2,Africa
Ghana,112,0,0,0,0,0,2019,3,Africa
Ghana,105,0,0,0,0,0,2020,10,Africa
Ghana,96,0,0,0,0,0,2021,1,Africa
Greece,45,4.027997239,7,0,0,0,2012,24,Europe
Greece,41,4.122714825,13,2,3,0,2013,56,Europe
Greece,51,3.580201249,3,0,0,0,2014,27,Europe
Greece,58,3.152556982,3,0,1,0,2015,30,Europe
Greece,59,3.365616207,9,0,0,0,2016,30,Europe
Greece,51,4.208740807,29,0,8,0,2017,44,Europe
Greece,47,4.491789419,32,0,9,0,2018,26,Europe
Greece,44,4.482622776,26,0,3,3,2019,32,Europe
Greece,38,4.691073926,43,0,0,0,2020,50,Europe
Greece,29,4.890653177,53,0,2,0,2021,11,Europe
Guatemala,48,3.884648275,2,7,2,0,2012,1,Americas
Guatemala,55,3.29197239,0,0,0,0,2013,6,Americas
Guatemala,67,2.711551239,0,0,0,0,2014,0,Americas
Guatemala,80,2.04164835,0,0,0,0,2015,0,Americas
Guatemala,84,1.520181983,0,0,0,0,2016,0,Americas
Guatemala,108,0,0,0,0,0,2017,0,Americas
Guatemala,110,0,0,0,0,0,2018,2,Americas
Guatemala,112,0,0,0,0,0,2019,0,Americas
Guatemala,105,0,0,0,0,0,2020,3,Americas
Guatemala,96,0,0,0,0,0,2021,1,Americas
Guinea,112,0,0,0,0,0,2012,0,Africa
Guinea,110,0,0,0,0,0,2013,2,Africa
Guinea,110,0,0,0,0,0,2014,0,Africa
Guinea,106,0,0,0,0,0,2015,2,Africa
Guinea,106,0,0,0,0,0,2016,1,Africa
Guinea,108,0,0,0,0,0,2017,0,Africa
Guinea,110,0,0,0,0,0,2018,2,Africa
Guinea,112,0,0,0,0,0,2019,0,Africa
Guinea,105,0,0,0,0,0,2020,0,Africa
Guinea,96,0,0,0,0,0,2021,0,Africa
Central African Republic,33,5.297713655,1,14,14,0,2016,38,Africa
Cote d' Ivoire,43,4.239477682,4,12,0,0,2012,,Africa
Cote d' Ivoire,43,3.980784377,2,2,4,0,2013,,Africa
Cote d' Ivoire,55,3.389978164,0,0,0,0,2014,,Africa
Cote d' Ivoire,64,2.807540395,0,0,0,0,2015,,Africa
Cote d' Ivoire,41,4.779746186,1,19,19,0,2016,,Africa
Cote d' Ivoire,52,4.155896916,0,0,0,0,2017,,Africa
Cote d' Ivoire,59,3.5493626,0,0,0,0,2018,,Africa
Cote d' Ivoire,64,2.964088295,0,0,0,0,2019,,Africa
Cote d' Ivoire,44,4.277807479,2,11,8,0,2020,,Africa
Guyana,112,0,0,0,0,0,2012,0,Americas
Guyana,110,0,0,0,0,0,2013,0,Americas
Guyana,110,0,0,0,0,0,2014,0,Americas
Guyana,106,0,0,0,0,0,2015,0,Americas
Guyana,106,0,0,0,0,0,2016,1,Americas
Guyana,108,0,0,0,0,0,2017,0,Americas
Guyana,110,0,0,0,0,0,2018,0,Americas
Guyana,112,0,0,0,0,0,2019,1,Americas
Guyana,105,0,0,0,0,0,2020,6,Americas
Guyana,96,0,0,0,0,0,2021,0,Americas
Haiti,112,0,0,0,0,0,2012,0,Americas
Haiti,110,0,0,0,0,0,2013,0,Americas
Haiti,110,0,0,0,0,0,2014,0,Americas
Haiti,106,0,0,0,0,0,2015,0,Americas
Haiti,106,0,0,0,0,0,2016,1,Americas
Haiti,108,0,0,0,0,0,2017,0,Americas
Haiti,110,0,0,0,0,0,2018,5,Americas
Haiti,112,0,0,0,0,0,2019,4,Americas
Haiti,105,0,0,0,0,0,2020,2,Americas
Haiti,96,0,0,0,0,0,2021,0,Americas
Honduras,69,2.408456264,0,0,0,0,2012,0,Americas
Honduras,76,1.860827374,0,0,0,0,2013,2,Americas
Honduras,96,0.508313379,0,0,0,0,2014,1,Americas
Honduras,106,0,0,0,0,0,2015,0,Americas
Honduras,106,0,0,0,0,0,2016,1,Americas
Honduras,108,0,0,0,0,0,2017,1,Americas
Honduras,110,0,0,0,0,0,2018,0,Americas
Honduras,112,0,0,0,0,0,2019,5,Americas
Honduras,105,0,0,0,0,0,2020,2,Americas
Honduras,96,0,0,0,0,0,2021,0,Americas
Hungary,106,0.290978598,0,0,0,0,2012,0,Europe
Hungary,109,0.157670278,0,0,0,0,2013,0,Europe
Hungary,87,1.24105004,1,0,0,0,2014,1,Europe
Hungary,97,0.826318935,0,0,0,0,2015,1,Europe
Hungary,78,1.819639004,1,0,0,0,2016,1,Europe
Hungary,88,1.319721733,0,0,0,0,2017,0,Europe
Hungary,97,0.890406939,0,0,0,0,2018,0,Europe
Hungary,103,0.508313379,0,0,0,0,2019,1,Europe
Hungary,97,0.290978598,0,0,0,0,2020,0,Europe
Hungary,96,0,0,0,0,0,2021,0,Europe
Iceland,112,0,0,0,0,0,2012,1,Europe
Iceland,110,0,0,0,0,0,2013,0,Europe
Iceland,110,0,0,0,0,0,2014,1,Europe
Iceland,106,0,0,0,0,0,2015,0,Europe
Iceland,106,0,0,0,0,0,2016,0,Europe
Iceland,108,0,0,0,0,0,2017,0,Europe
Iceland,110,0,0,0,0,0,2018,0,Europe
Iceland,112,0,0,0,0,0,2019,0,Europe
Iceland,105,0,0,0,0,0,2020,0,Europe
Iceland,96,0,0,0,0,0,2021,0,Europe
India,8,7.814715079,219,150,256,41,2012,613,Asia
India,8,7.700491117,199,241,294,37,2013,694,Asia
India,8,7.488045843,121,168,190,25,2014,860,Asia
India,10,7.432510613,169,135,241,336,2015,885,Asia
India,10,7.520602762,250,216,216,4,2016,1027,Asia
India,9,7.711424486,432,243,483,38,2017,967,Asia
India,6,7.895785847,542,312,484,66,2018,889,Asia
India,9,7.805154807,317,224,362,362,2019,622,Asia
India,10,7.669323303,316,172,212,20,2020,450,Asia
India,13,7.434093969,165,123,160,1,2021,235,Asia
Indonesia,26,5.235223273,25,9,22,0,2012,39,Asia
Indonesia,24,5.123481964,10,13,4,0,2013,32,Asia
Indonesia,28,4.693357709,4,3,6,0,2014,35,Asia
Indonesia,37,4.731286752,8,10,3,0,2015,29,Asia
Indonesia,40,4.804834041,10,8,8,0,2016,19,Asia
Indonesia,38,4.879077764,17,6,29,0,2017,27,Asia
Indonesia,24,5.846154097,27,61,34,0,2018,43,Asia
Indonesia,30,5.464750741,10,7,16,16,2019,26,Asia
Indonesia,28,5.376590741,21,13,22,0,2020,19,Asia
Indonesia,24,5.492046097,16,24,24,4,2021,26,Asia
Iran,19,5.688964794,4,10,4,0,2012,5,Asia
Iran,21,5.488870324,7,21,0,0,2013,11,Asia
Iran,26,4.988129262,6,4,3,5,2014,9,Asia
Iran,34,5.268695571,10,28,10,4,2015,9,Asia
Iran,39,4.851027987,2,5,5,0,2016,10,Asia
Iran,34,5.168741088,7,17,47,0,2017,11,Asia
Iran,22,6.009186773,16,61,120,14,2018,13,Asia
Iran,25,5.961931657,12,40,26,26,2019,8,Asia
Iran,26,5.618100041,10,14,8,0,2020,7,Asia
Iran,26,5.143589005,6,3,3,0,2021,4,Asia
Iraq,1,9.599967028,1288,2086,5050,16,2012,1435,Asia
Iraq,1,9.874781401,1673,3980,9479,41,2013,2852,Asia
Iraq,1,9.857795995,1243,3206,6058,272,2014,3934,Asia
Iraq,1,9.79372633,868,2974,4807,288,2015,2751,Asia
Iraq,1,10,1545,4514,4514,20,2016,3395,Asia
Iraq,1,9.742263973,1194,1732,3708,69,2017,2548,Asia
Iraq,1,9.421871014,967,1083,1909,98,2018,1364,Asia
Iraq,2,9.016501909,494,533,896,896,2019,644,Asia
Iraq,2,8.699259147,637,464,748,32,2020,764,Asia
Iraq,2,8.524011704,873,540,873,32,2021,547,Asia
Ireland,78,2.119610324,1,0,0,0,2012,29,Europe
Ireland,74,1.946899801,1,0,0,0,2013,27,Europe
Ireland,71,2.318526761,3,0,0,0,2014,33,Europe
Ireland,82,1.730864483,0,0,0,0,2015,28,Europe
Ireland,82,1.707170061,1,0,0,0,2016,15,Europe
Ireland,93,1.198856682,0,0,0,0,2017,17,Europe
Ireland,100,0.757098619,0,0,0,0,2018,5,Europe
Ireland,89,1.319721733,1,0,0,0,2019,12,Europe
Ireland,87,0.890406939,0,0,0,0,2020,10,Europe
Ireland,86,0.508313379,0,0,0,0,2021,2,Europe
Israel,18,5.709045369,77,10,46,0,2012,59,Asia
Israel,22,5.313444395,33,1,1,0,2013,37,Asia
Israel,23,5.130618584,17,5,28,0,2014,293,Asia
Israel,29,5.548433818,45,9,123,0,2015,58,Asia
Israel,31,5.433179104,25,9,9,0,2016,50,Asia
Israel,31,5.363029185,45,5,29,0,2017,34,Asia
Israel,31,5.365304265,52,3,35,0,2018,63,Asia
Israel,33,5.263992406,37,4,25,25,2019,65,Asia
Israel,34,4.959826941,20,1,18,0,2020,67,Asia
Israel,30,4.775262706,18,1,22,0,2021,101,Asia
Italy,56,3.236416171,3,0,1,0,2012,10,Europe
Italy,62,2.657241503,0,0,0,0,2013,7,Europe
Italy,73,2.049768525,0,0,0,0,2014,7,Europe
Italy,79,2.096950714,2,0,0,0,2015,6,Europe
Italy,74,2.485036559,4,0,0,0,2016,11,Europe
Italy,67,2.783659012,5,0,0,0,2017,10,Europe
Italy,58,3.577442738,12,0,7,0,2018,15,Europe
Italy,46,4.352541899,12,0,0,0,2019,8,Europe
Italy,48,3.949012924,6,0,0,0,2020,13,Europe
Italy,50,3.681446868,7,0,0,0,2021,3,Europe
Jamaica,106,0.290978598,0,0,0,0,2012,0,Americas
Jamaica,110,0,0,0,0,0,2013,0,Americas
Jamaica,110,0,0,0,0,0,2014,1,Americas
Jamaica,106,0,0,0,0,0,2015,0,Americas
Jamaica,106,0,0,0,0,0,2016,0,Americas
Jamaica,108,0,0,0,0,0,2017,2,Americas
Jamaica,110,0,0,0,0,0,2018,0,Americas
Jamaica,112,0,0,0,0,0,2019,0,Americas
Jamaica,105,0,0,0,0,0,2020,0,Americas
Jamaica,96,0,0,0,0,0,2021,0,Americas
Japan,86,1.682808103,0,0,0,0,2012,0,Asia
Japan,110,0,0,0,0,0,2013,1,Asia
Japan,110,0,0,0,0,0,2014,5,Asia
Japan,90,1.24105004,1,0,0,0,2015,10,Asia
Japan,95,0.826318935,0,0,0,0,2016,1,Asia
Japan,102,0.508313379,0,0,0,0,2017,0,Asia
Japan,108,0.290978598,0,0,0,0,2018,1,Asia
Japan,69,2.537176815,1,0,9,9,2019,2,Asia
Japan,71,1.973786701,0,0,0,0,2020,0,Asia
Japan,74,1.458384821,0,0,0,0,2021,0,Asia
Jordan,67,2.541764584,1,1,0,0,2012,2,Asia
Jordan,75,1.937748474,0,0,0,0,2013,1,Asia
Jordan,83,1.425747276,0,0,0,0,2014,3,Asia
Jordan,55,3.336906772,2,4,0,0,2015,4,Asia
Jordan,42,4.746076053,3,16,16,0,2016,11,Asia
Jordan,53,4.147362712,0,0,0,0,2017,8,Asia
Jordan,53,3.904749499,1,2,5,0,2018,2,Asia
Jordan,50,4.041026371,2,3,16,16,2019,4,Asia
Jordan,53,3.426926367,0,0,0,0,2020,0,Asia
Jordan,60,2.590686188,0,0,0,0,2021,0,Asia
Kazakhstan,47,3.956174806,1,0,1,0,2012,4,Asia
Kazakhstan,53,3.365616207,0,0,0,0,2013,4,Asia
Kazakhstan,65,2.783659012,0,0,0,0,2014,0,Asia
Kazakhstan,77,2.218148441,0,0,0,0,2015,0,Asia
Kazakhstan,52,4.040217776,2,10,10,0,2016,3,Asia
Kazakhstan,60,3.446433788,0,0,0,0,2017,0,Asia
Kazakhstan,69,2.86293209,0,0,0,0,2018,0,Asia
Kazakhstan,73,2.294503208,0,0,0,0,2019,1,Asia
Kazakhstan,75,1.753926977,0,0,0,0,2020,3,Asia
Kazakhstan,96,0,0,0,0,0,2021,0,Asia
Kenya,15,6.688522043,72,113,377,6,2012,80,Africa
Kenya,14,6.967738799,41,151,272,0,2013,80,Africa
Kenya,10,7.25595736,49,222,315,22,2014,115,Africa
Kenya,12,7.272043998,30,205,142,1,2015,70,Africa
Kenya,14,6.909281001,35,54,54,4,2016,65,Africa
Kenya,14,6.959313553,59,143,77,16,2017,97,Africa
Kenya,17,6.675943301,35,57,58,0,2018,52,Africa
Kenya,20,6.564117252,34,73,72,72,2019,50,Africa
Kenya,18,6.371537605,43,46,53,1,2020,66,Africa
Kenya,20,6.230671277,29,43,39,5,2021,33,Africa
Cote d' Ivoire,43,4.303840994,8,5,5,0,2021,,Africa
Cote d' Ivoire,47,3.747457604,1,0,0,0,2022,,Africa
Democratic Republic of the Congo,16,5.836173868,4,35,66,3,2012,,Africa
Democratic Republic of the Congo,20,5.74549817,2,40,0,0,2013,,Africa
Democratic Republic of the Congo,24,5.063421084,1,0,6,0,2014,,Africa
Democratic Republic of the Congo,33,5.29922421,7,24,8,19,2015,,Africa
Democratic Republic of the Congo,35,5.024652847,3,4,4,3,2016,,Africa
Democratic Republic of the Congo,48,4.350283954,0,0,0,0,2017,,Africa
Democratic Republic of the Congo,57,3.607312946,0,0,0,0,2018,,Africa
Democratic Republic of the Congo,38,4.786257433,9,18,0,0,2019,,Africa
Kuwait,90,1.356526959,1,0,0,0,2012,0,Asia
Kuwait,93,0.890406939,0,0,0,0,2013,0,Asia
Kuwait,96,0.508313379,0,0,0,0,2014,0,Asia
Kuwait,28,5.57008094,1,27,227,0,2015,1,Asia
Kuwait,36,4.980799319,1,0,0,0,2016,2,Asia
Kuwait,47,4.383549298,0,0,0,0,2017,0,Asia
Kuwait,55,3.78954287,0,0,0,0,2018,0,Asia
Kuwait,62,3.200857428,0,0,0,0,2019,0,Asia
Kuwait,100,0.157670278,0,0,0,0,2020,0,Asia
Kuwait,96,0,0,0,0,0,2021,0,Asia
Laos,112,0,0,0,0,0,2012,1,Asia
Laos,110,0,0,0,0,0,2013,0,Asia
Laos,110,0,0,0,0,0,2014,0,Asia
Laos,106,0,0,0,0,0,2015,2,Asia
Laos,50,4.274728827,4,11,11,0,2016,4,Asia
Laos,58,3.681446868,0,0,0,0,2017,1,Asia
Laos,65,3.09418177,0,0,0,0,2018,0,Asia
Laos,70,2.518578415,0,0,0,0,2019,0,Asia
Laos,72,1.964916959,0,0,0,0,2020,0,Asia
Laos,96,0,0,0,0,0,2021,0,Asia
Latvia,112,0,0,0,0,0,2012,0,Europe
Latvia,110,0,0,0,0,0,2013,0,Europe
Latvia,110,0,0,0,0,0,2014,0,Europe
Latvia,106,0,0,0,0,0,2015,0,Europe
Latvia,106,0,0,0,0,0,2016,0,Europe
Latvia,108,0,0,0,0,0,2017,1,Europe
Latvia,110,0,0,0,0,0,2018,0,Europe
Latvia,112,0,0,0,0,0,2019,0,Europe
Latvia,105,0,0,0,0,0,2020,0,Europe
Latvia,96,0,0,0,0,0,2021,1,Europe
Lebanon,27,5.166324545,9,10,80,0,2012,15,Asia
Lebanon,17,6.210585379,34,56,294,13,2013,121,Asia
Lebanon,16,6.55179493,57,69,281,2,2014,205,Asia
Lebanon,22,6.594471488,12,60,284,4,2015,44,Asia
Lebanon,21,6.175419829,12,13,13,0,2016,41,Asia
Lebanon,27,5.638090911,4,3,8,0,2017,24,Asia
Lebanon,37,5.071068706,2,4,2,0,2018,8,Asia
Lebanon,43,4.486976985,1,4,1,1,2019,7,Asia
Lebanon,45,4.096586183,3,5,0,0,2020,10,Asia
Lebanon,52,3.580201249,1,1,0,0,2021,1,Asia
Lesotho,112,0,0,0,0,0,2012,0,Africa
Lesotho,110,0,0,0,0,0,2013,0,Africa
Lesotho,110,0,0,0,0,0,2014,0,Africa
Lesotho,106,0,0,0,0,0,2015,1,Africa
Lesotho,106,0,0,0,0,0,2016,0,Africa
Lesotho,108,0,0,0,0,0,2017,0,Africa
Lesotho,110,0,0,0,0,0,2018,0,Africa
Lesotho,112,0,0,0,0,0,2019,0,Africa
Lesotho,105,0,0,0,0,0,2020,0,Africa
Lesotho,96,0,0,0,0,0,2021,0,Africa
Liberia,112,0,0,0,0,0,2012,1,Africa
Liberia,110,0,0,0,0,0,2013,0,Africa
Liberia,110,0,0,0,0,0,2014,1,Africa
Liberia,106,0,0,0,0,0,2015,0,Africa
Liberia,106,0,0,0,0,0,2016,0,Africa
Liberia,108,0,0,0,0,0,2017,1,Africa
Liberia,110,0,0,0,0,0,2018,0,Africa
Liberia,112,0,0,0,0,0,2019,1,Africa
Liberia,105,0,0,0,0,0,2020,0,Africa
Liberia,96,0,0,0,0,0,2021,2,Africa
Libya,23,5.446328433,48,30,54,7,2012,57,Africa
Libya,18,6.184142789,90,55,104,13,2013,291,Africa
Libya,15,6.663061985,114,94,188,8,2014,729,Africa
Libya,14,7.182860501,80,234,181,91,2015,543,Africa
Libya,15,6.899552206,12,81,81,0,2016,422,Africa
Libya,19,6.453414987,14,15,57,12,2017,191,Africa
Libya,16,6.764720632,32,113,262,31,2018,167,Africa
Libya,21,6.30187131,9,20,20,20,2019,70,Africa
Libya,25,5.633360717,6,1,4,0,2020,17,Africa
Libya,27,5.123019508,4,5,0,2,2021,8,Africa
Lithuania,112,0,0,0,0,0,2012,0,Europe
Lithuania,110,0,0,0,0,0,2013,0,Europe
Lithuania,110,0,0,0,0,0,2014,0,Europe
Lithuania,106,0,0,0,0,0,2015,0,Europe
Lithuania,106,0,0,0,0,0,2016,0,Europe
Lithuania,108,0,0,0,0,0,2017,0,Europe
Lithuania,110,0,0,0,0,0,2018,1,Europe
Lithuania,84,1.730864483,2,0,0,0,2019,1,Europe
Lithuania,85,1.24105004,0,0,0,0,2020,0,Europe
Lithuania,85,0.826318935,0,0,0,0,2021,0,Europe
Madagascar,72,2.364659954,2,0,1,0,2012,1,Africa
Madagascar,69,2.489908641,3,0,0,0,2013,2,Africa
Madagascar,47,3.731421261,1,1,33,0,2014,1,Africa
Madagascar,59,3.13199292,0,0,0,0,2015,0,Africa
Madagascar,47,4.438851662,1,2,2,0,2016,1,Africa
Madagascar,56,3.841970576,0,0,0,0,2017,0,Africa
Madagascar,62,3.2466023,0,0,0,0,2018,0,Africa
Madagascar,68,2.581994735,0,0,0,0,2019,0,Africa
Madagascar,70,2.025175617,0,0,0,0,2020,0,Africa
Madagascar,96,0,0,0,0,0,2021,0,Africa
Malawi,112,0,0,0,0,0,2012,0,Africa
Malawi,110,0,0,0,0,0,2013,0,Africa
Malawi,110,0,0,0,0,0,2014,0,Africa
Malawi,106,0,0,0,0,0,2015,0,Africa
Malawi,106,0,0,0,0,0,2016,0,Africa
Malawi,108,0,0,0,0,0,2017,1,Africa
Malawi,110,0,0,0,0,0,2018,2,Africa
Malawi,112,0,0,0,0,0,2019,5,Africa
Malawi,105,0,0,0,0,0,2020,0,Africa
Malawi,96,0,0,0,0,0,2021,0,Africa
Malaysia,77,2.17728451,1,0,5,0,2012,2,Asia
Malaysia,73,1.973786701,1,0,0,0,2013,13,Asia
Malaysia,58,3.13199292,4,1,1,5,2014,12,Asia
Malaysia,65,2.804168881,1,0,0,2,2015,5,Asia
Malaysia,56,3.438359104,4,0,0,9,2016,19,Asia
Malaysia,66,2.843784615,0,0,0,0,2017,4,Asia
Malaysia,67,2.935544704,2,0,0,6,2018,7,Asia
Malaysia,72,2.306598402,0,0,0,0,2019,2,Asia
Malaysia,65,2.532564579,1,0,0,5,2020,1,Asia
Malaysia,68,1.860827374,0,0,0,0,2021,0,Asia
Mali,22,5.496412603,16,45,0,11,2012,19,Africa
Mali,19,5.895912725,33,45,53,2,2013,58,Africa
Mali,21,5.977053523,24,36,71,7,2014,69,Africa
Mali,16,6.884358508,85,181,204,18,2015,121,Africa
Mali,13,7.040009859,93,144,144,5,2016,100,Africa
Mali,10,7.505051778,191,296,404,47,2017,142,Africa
Mali,9,7.708183406,207,340,336,30,2018,164,Africa
Mali,8,7.824669382,152,389,324,324,2019,139,Africa
Mali,7,7.92538498,222,404,398,93,2020,138,Africa
Mali,7,8.169296986,341,604,561,102,2021,76,Africa
Mauritania,53,3.367379291,0,0,0,0,2012,0,Africa
Mauritania,65,2.612040169,0,0,0,0,2013,0,Africa
Mauritania,76,1.982566394,0,0,0,0,2014,0,Africa
Mauritania,86,1.408954665,0,0,0,0,2015,0,Africa
Mauritania,106,0,0,0,0,0,2016,0,Africa
Mauritania,108,0,0,0,0,0,2017,0,Africa
Mauritania,83,1.730864483,1,0,2,0,2018,1,Africa
Mauritania,90,1.24105004,0,0,0,0,2019,0,Africa
Mauritania,88,0.826318935,0,0,0,0,2020,0,Africa
Mauritania,86,0.508313379,0,0,0,0,2021,0,Africa
Mauritius,112,0,0,0,0,0,2012,0,Africa
Mauritius,110,0,0,0,0,0,2013,0,Africa
Mauritius,110,0,0,0,0,0,2014,0,Africa
Mauritius,106,0,0,0,0,0,2015,0,Africa
Mauritius,88,1.24105004,1,0,0,0,2016,0,Africa
Mauritius,96,0.826318935,0,0,0,0,2017,0,Africa
Mauritius,103,0.508313379,0,0,0,0,2018,0,Africa
Mauritius,105,0.290978598,0,0,0,0,2019,0,Africa
Mauritius,100,0.157670278,0,0,0,0,2020,0,Africa
Mauritius,96,0,0,0,0,0,2021,0,Africa
Mexico,62,2.97524706,0,0,0,0,2012,16,Americas
Mexico,67,2.555383641,1,0,0,0,2013,8,Americas
Mexico,78,1.8904803,0,0,0,0,2014,5,Americas
Mexico,69,2.573215042,5,0,0,0,2015,19,Americas
Mexico,60,3.219864618,6,1,1,0,2016,7,Americas
Mexico,54,3.950808962,8,5,1,0,2017,23,Americas
Mexico,54,3.796004611,7,1,0,0,2018,27,Americas
Mexico,57,3.628406486,7,0,2,2,2019,31,Americas
Mexico,58,3.028978145,0,0,0,0,2020,13,Americas
Mexico,62,2.403101495,0,0,0,0,2021,21,Americas
Moldova,82,1.937748474,0,0,0,0,2012,1,Europe
Moldova,85,1.425747276,0,0,0,0,2013,0,Europe
Moldova,110,0,0,0,0,0,2014,0,Europe
Moldova,106,0,0,0,0,0,2015,0,Europe
Moldova,88,1.24105004,1,0,0,0,2016,1,Europe
Moldova,96,0.826318935,0,0,0,0,2017,0,Europe
Moldova,103,0.508313379,0,0,0,0,2018,0,Europe
Moldova,105,0.290978598,0,0,0,0,2019,0,Europe
Moldova,100,0.157670278,0,0,0,0,2020,0,Europe
Moldova,96,0,0,0,0,0,2021,0,Europe
Montenegro,103,0.508313379,0,0,0,0,2012,0,Europe
Montenegro,105,0.290978598,0,0,0,0,2013,2,Europe
Montenegro,106,0.157670278,0,0,0,0,2014,0,Europe
Montenegro,106,0,0,0,0,0,2015,1,Europe
Montenegro,106,0,0,0,0,0,2016,0,Europe
Montenegro,108,0,0,0,0,0,2017,0,Europe
Montenegro,110,0,0,0,0,0,2018,3,Europe
Montenegro,112,0,0,0,0,0,2019,0,Europe
Montenegro,105,0,0,0,0,0,2020,0,Europe
Montenegro,96,0,0,0,0,0,2021,0,Europe
Morocco,45,4.027997239,0,0,0,0,2012,0,Africa
Morocco,52,3.436735081,0,0,0,0,2013,0,Africa
Morocco,63,2.850214327,0,0,0,0,2014,0,Africa
Morocco,75,2.282236444,0,0,0,0,2015,1,Africa
Morocco,106,0,0,0,0,0,2016,0,Africa
Morocco,108,0,0,0,0,0,2017,0,Africa
Morocco,71,2.72646182,1,2,0,0,2018,1,Africa
Morocco,77,2.163222537,0,0,0,0,2019,0,Africa
Morocco,78,1.631923292,0,0,0,0,2020,0,Africa
Morocco,79,1.154498636,0,0,0,0,2021,0,Africa
Mozambique,106,0.290978598,0,0,0,0,2012,1,Africa
Mozambique,60,3.028978145,2,1,10,0,2013,18,Africa
Mozambique,50,3.588424375,3,2,11,0,2014,22,Africa
Mozambique,63,3.002529836,0,0,0,0,2015,8,Africa
Mozambique,48,4.426001614,8,7,7,0,2016,79,Africa
Mozambique,41,4.792720021,8,12,15,4,2017,15,Africa
Mozambique,20,6.443123287,52,141,43,3,2018,65,Africa
Mozambique,13,7.332351946,127,348,89,89,2019,133,Africa
Mozambique,9,7.881702832,198,564,173,219,2020,220,Africa
Mozambique,11,7.482503539,60,98,6,28,2021,41,Africa
Myanmar,20,5.580636513,8,8,4,3,2012,17,Asia
Myanmar,23,5.213000407,9,6,11,0,2013,18,Asia
Myanmar,29,4.635591763,2,0,2,0,2014,16,Asia
Myanmar,40,4.499909594,6,6,14,0,2015,37,Asia
Myanmar,43,4.607086355,9,10,10,0,2016,74,Asia
Myanmar,40,4.834719718,5,15,5,0,2017,116,Asia
Myanmar,42,4.795426728,7,5,34,0,2018,40,Asia
Myanmar,23,6.0744006,34,65,47,47,2019,90,Asia
Myanmar,24,5.934769701,26,24,22,30,2020,65,Asia
Myanmar,10,7.568522367,714,326,268,3,2021,216,Asia
Namibia,112,0,0,0,0,0,2012,0,Africa
Namibia,110,0,0,0,0,0,2013,0,Africa
Namibia,110,0,0,0,0,0,2014,0,Africa
Namibia,106,0,0,0,0,0,2015,0,Africa
Namibia,106,0,0,0,0,0,2016,0,Africa
Namibia,108,0,0,0,0,0,2017,0,Africa
Namibia,110,0,0,0,0,0,2018,0,Africa
Namibia,112,0,0,0,0,0,2019,0,Africa
Namibia,105,0,0,0,0,0,2020,0,Africa
Namibia,96,0,0,0,0,0,2021,0,Africa
Nepal,28,5.1390601,7,11,28,0,2012,46,Asia
Nepal,33,4.583671892,7,0,9,0,2013,104,Asia
Nepal,43,3.898100871,1,0,2,0,2014,7,Asia
Nepal,54,3.367379291,2,0,0,0,2015,48,Asia
Nepal,57,3.436735081,10,0,0,0,2016,43,Asia
Nepal,42,4.776644716,53,1,31,0,2017,247,Asia
Nepal,32,5.253912437,78,3,20,0,2018,99,Asia
Nepal,27,5.511302646,94,4,17,17,2019,200,Asia
Nepal,29,5.25192212,29,5,0,0,2020,37,Asia
Nepal,34,4.712158282,1,0,8,0,2021,3,Asia
Netherlands,112,0,0,0,0,0,2012,0,Europe
Netherlands,110,0,0,0,0,0,2013,0,Europe
Netherlands,110,0,0,0,0,0,2014,1,Europe
Netherlands,106,0,0,0,0,0,2015,3,Europe
Netherlands,106,0,0,0,0,0,2016,6,Europe
Netherlands,72,2.269793175,1,1,0,0,2017,1,Europe
Netherlands,74,2.45014107,2,0,2,0,2018,6,Europe
Netherlands,58,3.496399584,1,4,4,4,2019,4,Europe
Netherlands,60,3.002529836,1,0,0,0,2020,37,Europe
Netherlands,59,2.711551239,2,0,0,0,2021,6,Europe
New Zealand,112,0,0,0,0,0,2012,0,Oceania
New Zealand,110,0,0,0,0,0,2013,0,Oceania
New Zealand,110,0,0,0,0,0,2014,1,Oceania
New Zealand,106,0,0,0,0,0,2015,0,Oceania
New Zealand,106,0,0,0,0,0,2016,1,Oceania
New Zealand,108,0,0,0,0,0,2017,0,Oceania
New Zealand,110,0,0,0,0,0,2018,0,Oceania
New Zealand,28,5.490988801,1,51,49,49,2019,2,Oceania
New Zealand,35,4.893070487,0,0,0,0,2020,12,Oceania
New Zealand,42,4.37039631,1,0,6,0,2021,0,Oceania
Nicaragua,91,1.058311564,0,0,0,0,2012,0,Americas
Nicaragua,94,0.68185185,0,0,0,0,2013,0,Americas
Nicaragua,44,3.897146881,1,5,24,0,2014,2,Americas
Nicaragua,56,3.307211416,0,0,0,0,2015,0,Americas
Nicaragua,68,2.72646182,0,0,0,0,2016,0,Americas
Nicaragua,75,2.163222537,0,0,0,0,2017,0,Americas
Nicaragua,85,1.631923292,0,0,0,0,2018,7,Americas
Nicaragua,112,0,0,0,0,0,2019,3,Americas
Nicaragua,105,0,0,0,0,0,2020,3,Americas
Nicaragua,96,0,0,0,0,0,2021,0,Americas
Niger,60,3.174846677,1,0,0,6,2012,1,Africa
Niger,45,3.8307061,3,3,16,0,2013,4,Africa
Niger,34,4.383549298,1,12,0,0,2014,5,Africa
Niger,19,6.64669567,25,202,50,0,2015,41,Africa
Niger,19,6.675290324,18,108,108,1,2016,25,Africa
Niger,18,6.592613173,14,74,63,40,2017,13,Africa
Niger,19,6.548820157,26,63,77,70,2018,19,Africa
Niger,14,7.227455671,82,282,100,100,2019,49,Africa
Niger,12,7.417721406,69,262,203,115,2020,35,Africa
Niger,8,7.858589891,76,595,133,34,2021,38,Africa
Nigeria,6,8.098342178,212,767,496,9,2012,615,Africa
Nigeria,5,8.335604257,107,931,146,13,2013,347,Africa
Nigeria,3,8.920986418,143,2101,834,365,2014,713,Africa
Nigeria,2,9.112269511,138,2003,1846,8,2015,641,Africa
Nigeria,2,8.760688412,147,518,518,108,2016,535,Africa
Nigeria,4,8.643886656,186,794,798,99,2017,488,Africa
Nigeria,4,8.506472221,151,642,611,259,2018,650,Africa
Nigeria,4,8.389681794,158,688,312,312,2019,507,Africa
Nigeria,4,8.434953887,142,865,204,419,2020,478,Africa
Nigeria,5,8.27004715,214,497,177,50,2021,448,Africa
Democratic Republic of the Congo,21,6.072628247,18,96,10,5,2020,,Africa
Democratic Republic of the Congo,16,6.896016919,34,213,41,80,2021,,Africa
Democratic Republic of the Congo,14,6.871622641,17,136,7,0,2022,,Africa
Guinea-Bissau,75,2.269793175,1,1,0,0,2012,1,Africa
Guinea-Bissau,79,1.730864483,0,0,0,0,2013,0,Africa
Guinea-Bissau,87,1.24105004,0,0,0,0,2014,0,Africa
Guinea-Bissau,97,0.826318935,0,0,0,0,2015,0,Africa
Guinea-Bissau,102,0.508313379,0,0,0,0,2016,0,Africa
Guinea-Bissau,108,0,0,0,0,0,2017,0,Africa
Guinea-Bissau,110,0,0,0,0,0,2018,0,Africa
Norway,21,5.574483329,0,0,0,0,2012,0,Europe
Norway,28,4.976426151,0,0,0,0,2013,0,Europe
Norway,35,4.379733631,0,0,0,0,2014,0,Europe
Norway,48,3.784120957,0,0,0,0,2015,0,Europe
Norway,106,0,0,0,0,0,2016,0,Europe
Norway,89,1.24105004,1,0,0,0,2017,1,Europe
Norway,98,0.826318935,0,0,0,0,2018,0,Europe
Norway,78,2.104570079,2,0,2,2,2019,3,Europe
Norway,79,1.577856169,0,0,0,0,2020,2,Europe
Norway,80,1.10774172,0,0,0,0,2021,0,Europe
Pakistan,2,9.152620244,638,1322,2297,160,2012,1655,Asia
Pakistan,2,9.181259066,518,1503,3421,81,2013,2215,Asia
Pakistan,2,9.001972501,363,996,1705,26,2014,2149,Asia
Pakistan,4,8.749125366,294,658,1004,35,2015,1243,Asia
Pakistan,4,8.600831189,247,631,631,31,2016,864,Asia
Pakistan,5,8.525636808,259,632,1465,22,2017,719,Asia
Pakistan,5,8.373673144,222,502,1014,3,2018,480,Asia
Pakistan,5,8.078639418,140,250,589,589,2019,363,Asia
Pakistan,8,7.916045722,173,263,583,9,2020,294,Asia
Pakistan,9,7.852524248,206,292,549,0,2021,150,Asia
Panama,91,1.058311564,0,0,0,0,2012,0,Americas
Panama,94,0.68185185,0,0,0,0,2013,0,Americas
Panama,106,0.157670278,0,0,0,0,2014,0,Americas
Panama,106,0,0,0,0,0,2015,0,Americas
Panama,106,0,0,0,0,0,2016,1,Americas
Panama,108,0,0,0,0,0,2017,0,Americas
Panama,110,0,0,0,0,0,2018,0,Americas
Panama,112,0,0,0,0,0,2019,0,Americas
Panama,105,0,0,0,0,0,2020,0,Americas
Panama,96,0,0,0,0,0,2021,0,Americas
Papua New Guinea,112,0,0,0,0,0,2012,0,Oceania
Papua New Guinea,110,0,0,0,0,0,2013,0,Oceania
Papua New Guinea,110,0,0,0,0,0,2014,0,Oceania
Papua New Guinea,106,0,0,0,0,0,2015,0,Oceania
Papua New Guinea,106,0,0,0,0,0,2016,0,Oceania
Papua New Guinea,108,0,0,0,0,0,2017,8,Oceania
Papua New Guinea,110,0,0,0,0,0,2018,0,Oceania
Papua New Guinea,112,0,0,0,0,0,2019,0,Oceania
Papua New Guinea,105,0,0,0,0,0,2020,0,Oceania
Papua New Guinea,96,0,0,0,0,0,2021,0,Oceania
Paraguay,65,2.5643453,0,0,0,0,2012,4,Americas
Paraguay,38,4.400781097,11,9,14,5,2013,10,Americas
Paraguay,42,3.902855102,3,0,0,0,2014,15,Americas
Paraguay,43,4.386806523,8,9,0,1,2015,19,Americas
Paraguay,46,4.467454885,5,8,8,1,2016,15,Americas
Paraguay,55,3.903802819,1,0,0,0,2017,10,Americas
Paraguay,56,3.676533262,3,1,2,4,2018,4,Americas
Paraguay,60,3.349584583,4,0,0,0,2019,0,Americas
Paraguay,62,2.912011488,2,0,0,1,2020,2,Americas
Paraguay,64,2.148928124,0,0,0,0,2021,3,Americas
Peru,31,4.85702584,12,6,9,26,2012,9,Americas
Peru,30,4.719196682,9,4,6,18,2013,13,Americas
Peru,30,4.55202962,6,3,11,9,2014,12,Americas
Peru,41,4.491309379,3,7,6,0,2015,10,Americas
Peru,45,4.519650276,1,10,10,0,2016,4,Americas
Peru,50,4.233028791,2,4,0,0,2017,8,Americas
Peru,50,4.217352368,4,4,10,0,2018,5,Americas
Peru,54,3.852085221,1,2,0,0,2019,1,Americas
Peru,55,3.207239688,0,0,0,0,2020,2,Americas
Peru,38,4.464488185,1,16,0,0,2021,5,Americas
Philippines,13,7.211936124,113,98,304,29,2012,249,Asia
Philippines,12,7.200142327,71,108,211,305,2013,651,Asia
Philippines,14,6.911213695,46,60,153,4,2014,597,Asia
Philippines,20,6.636950078,44,38,148,12,2015,721,Asia
Philippines,18,6.775703909,62,91,91,32,2016,632,Asia
Philippines,13,7.054331954,154,129,278,66,2017,695,Asia
Philippines,12,7.195733111,189,124,332,64,2018,601,Asia
Philippines,15,7.179563929,133,114,299,299,2019,467,Asia
Philippines,15,7.080553846,112,98,188,2,2020,294,Asia
Philippines,17,6.786279108,62,51,73,2,2021,104,Asia
Poland,112,0,0,0,0,0,2012,0,Europe
Poland,110,0,0,0,0,0,2013,0,Europe
Poland,110,0,0,0,0,0,2014,0,Europe
Poland,106,0,0,0,0,0,2015,0,Europe
Poland,84,1.520181983,1,0,0,0,2016,2,Europe
Poland,95,1.058311564,0,0,0,0,2017,1,Europe
Poland,102,0.68185185,0,0,0,0,2018,1,Europe
Poland,104,0.406455517,0,0,0,0,2019,0,Europe
Poland,99,0.226890594,0,0,0,0,2020,2,Europe
Poland,96,0,0,0,0,0,2021,0,Europe
Portugal,112,0,0,0,0,0,2012,0,Europe
Portugal,110,0,0,0,0,0,2013,0,Europe
Portugal,110,0,0,0,0,0,2014,0,Europe
Portugal,106,0,0,0,0,0,2015,0,Europe
Portugal,106,0,0,0,0,0,2016,0,Europe
Portugal,108,0,0,0,0,0,2017,0,Europe
Portugal,110,0,0,0,0,0,2018,0,Europe
Portugal,112,0,0,0,0,0,2019,0,Europe
Portugal,105,0,0,0,0,0,2020,1,Europe
Portugal,96,0,0,0,0,0,2021,0,Europe
Qatar,112,0,0,0,0,0,2012,0,Asia
Qatar,110,0,0,0,0,0,2013,0,Asia
Qatar,110,0,0,0,0,0,2014,0,Asia
Qatar,106,0,0,0,0,0,2015,1,Asia
Qatar,106,0,0,0,0,0,2016,0,Asia
Qatar,108,0,0,0,0,0,2017,0,Asia
Qatar,110,0,0,0,0,0,2018,0,Asia
Qatar,112,0,0,0,0,0,2019,0,Asia
Qatar,105,0,0,0,0,0,2020,0,Asia
Qatar,96,0,0,0,0,0,2021,0,Asia
Guinea-Bissau,112,0,0,0,0,0,2019,0,Africa
Guinea-Bissau,105,0,0,0,0,0,2020,0,Africa
Guinea-Bissau,96,0,0,0,0,0,2021,0,Africa
Guinea-Bissau,93,0,0,0,0,0,2022,,Africa
Kosovo,56,3.236416171,1,1,4,0,2012,4,Africa
Kosovo,57,3.13199292,4,0,2,0,2013,6,Africa
Kosovo,64,2.83730674,1,0,3,0,2014,4,Africa
Kosovo,74,2.318526761,1,0,0,0,2015,2,Africa
Kosovo,64,2.850214327,6,0,0,0,2016,8,Africa
Kosovo,74,2.244356274,0,0,0,0,2017,8,Africa
Romania,112,0,0,0,0,0,2012,0,Europe
Romania,110,0,0,0,0,0,2013,0,Europe
Romania,110,0,0,0,0,0,2014,0,Europe
Romania,106,0,0,0,0,0,2015,0,Europe
Romania,106,0,0,0,0,0,2016,0,Europe
Romania,108,0,0,0,0,0,2017,0,Europe
Romania,72,2.599291157,1,0,10,0,2018,0,Europe
Romania,79,2.04164835,0,0,0,0,2019,0,Europe
Romania,80,1.520181983,0,0,0,0,2020,0,Europe
Romania,81,1.058311564,0,0,0,0,2021,0,Europe
Russia,10,7.490145036,219,157,309,3,2012,151,Europe
Russia,11,7.373317078,141,132,299,0,2013,145,Europe
Russia,13,6.959119855,64,44,48,0,2014,48,Europe
Russia,23,6.396452922,24,11,25,0,2015,22,Europe
Russia,24,6.029369731,23,19,19,0,2016,56,Europe
Russia,23,5.882946794,12,30,78,0,2017,34,Europe
Russia,30,5.426040065,14,8,17,0,2018,23,Europe
Russia,37,4.884884837,4,2,5,5,2019,10,Europe
Russia,39,4.684186163,6,7,2,0,2020,12,Europe
Russia,44,4.218669645,1,2,4,0,2021,0,Europe
Rwanda,51,3.678993555,2,0,10,0,2012,6,Africa
Rwanda,37,4.439871464,3,4,54,0,2013,4,Africa
Rwanda,45,3.807727175,0,0,0,0,2014,2,Africa
Rwanda,59,3.13199292,0,0,0,0,2015,0,Africa
Rwanda,72,2.555383641,0,0,0,0,2016,1,Africa
Rwanda,78,1.937748474,0,0,0,0,2017,2,Africa
Rwanda,110,0,0,0,0,0,2018,5,Africa
Rwanda,76,2.269793175,2,0,4,4,2019,3,Africa
Rwanda,76,1.730864483,0,0,0,0,2020,1,Africa
Rwanda,76,1.24105004,0,0,0,0,2021,1,Africa
Saudi Arabia,52,3.591148133,1,2,0,0,2012,6,Asia
Saudi Arabia,61,3.002529836,0,0,0,0,2013,6,Asia
Saudi Arabia,36,4.19329168,8,7,13,0,2014,14,Asia
Saudi Arabia,25,5.858691864,17,60,113,0,2015,104,Asia
Saudi Arabia,28,5.754013944,29,22,22,0,2016,134,Asia
Saudi Arabia,32,5.336877965,6,5,15,0,2017,57,Asia
Saudi Arabia,40,4.961780013,2,6,4,0,2018,94,Asia
Saudi Arabia,45,4.479707743,5,0,6,6,2019,43,Asia
Saudi Arabia,49,3.856098185,4,0,6,0,2020,60,Asia
Saudi Arabia,54,3.106176307,1,0,0,0,2021,94,Asia
Senegal,76,2.218148441,0,0,0,0,2012,12,Africa
Senegal,81,1.682808103,0,0,0,0,2013,3,Africa
Senegal,96,0.508313379,0,0,0,0,2014,2,Africa
Senegal,106,0,0,0,0,0,2015,2,Africa
Senegal,106,0,0,0,0,0,2016,0,Africa
Senegal,108,0,0,0,0,0,2017,0,Africa
Senegal,63,3.24457465,2,3,4,0,2018,3,Africa
Senegal,66,2.665211995,0,0,0,0,2019,1,Africa
Senegal,69,2.104570079,0,0,0,0,2020,0,Africa
Senegal,72,1.577856169,0,0,0,0,2021,0,Africa
Serbia,68,2.45014107,1,1,0,0,2012,3,Europe
Serbia,71,2.347647097,1,0,2,0,2013,0,Europe
Serbia,81,1.753926977,0,0,0,0,2014,0,Europe
Serbia,90,1.24105004,0,0,0,0,2015,0,Europe
Serbia,95,0.826318935,0,0,0,0,2016,0,Europe
Serbia,106,0.290978598,0,0,0,0,2017,1,Europe
Serbia,110,0,0,0,0,0,2018,2,Europe
Serbia,112,0,0,0,0,0,2019,0,Europe
Serbia,105,0,0,0,0,0,2020,0,Europe
Serbia,96,0,0,0,0,0,2021,1,Europe
Sierra Leone,72,2.364659954,1,1,1,0,2012,0,Africa
Sierra Leone,78,1.819639004,0,0,0,0,2013,0,Africa
Sierra Leone,86,1.319721733,0,0,0,0,2014,0,Africa
Sierra Leone,96,0.890406939,0,0,0,0,2015,0,Africa
Sierra Leone,101,0.555070295,0,0,0,0,2016,1,Africa
Sierra Leone,108,0,0,0,0,0,2017,3,Africa
Sierra Leone,110,0,0,0,0,0,2018,0,Africa
Sierra Leone,112,0,0,0,0,0,2019,0,Africa
Sierra Leone,105,0,0,0,0,0,2020,0,Africa
Sierra Leone,96,0,0,0,0,0,2021,0,Africa
Singapore,112,0,0,0,0,0,2012,0,Asia
Singapore,110,0,0,0,0,0,2013,0,Asia
Singapore,110,0,0,0,0,0,2014,0,Asia
Singapore,106,0,0,0,0,0,2015,0,Asia
Singapore,106,0,0,0,0,0,2016,0,Asia
Singapore,108,0,0,0,0,0,2017,0,Asia
Singapore,110,0,0,0,0,0,2018,0,Asia
Singapore,112,0,0,0,0,0,2019,0,Asia
Singapore,105,0,0,0,0,0,2020,0,Asia
Singapore,96,0,0,0,0,0,2021,0,Asia
Slovakia,103,0.508313379,0,0,0,0,2012,0,Europe
Slovakia,105,0.290978598,0,0,0,0,2013,0,Europe
Slovakia,106,0.157670278,0,0,0,0,2014,0,Europe
Slovakia,106,0,0,0,0,0,2015,0,Europe
Slovakia,106,0,0,0,0,0,2016,1,Europe
Slovakia,108,0,0,0,0,0,2017,0,Europe
Slovakia,110,0,0,0,0,0,2018,1,Europe
Slovakia,112,0,0,0,0,0,2019,0,Europe
Slovakia,105,0,0,0,0,0,2020,0,Europe
Slovakia,96,0,0,0,0,0,2021,0,Europe
Slovenia,112,0,0,0,0,0,2012,0,Europe
Slovenia,110,0,0,0,0,0,2013,0,Europe
Slovenia,110,0,0,0,0,0,2014,0,Europe
Slovenia,106,0,0,0,0,0,2015,0,Europe
Slovenia,106,0,0,0,0,0,2016,0,Europe
Slovenia,108,0,0,0,0,0,2017,0,Europe
Slovenia,110,0,0,0,0,0,2018,0,Europe
Slovenia,112,0,0,0,0,0,2019,0,Europe
Slovenia,105,0,0,0,0,0,2020,0,Europe
Slovenia,96,0,0,0,0,0,2021,0,Europe
Somalia,7,7.964122878,166,446,427,1,2012,325,Africa
Somalia,7,7.820100334,152,264,366,6,2013,342,Africa
Somalia,7,7.678839117,116,256,183,3,2014,872,Africa
Somalia,8,7.6986338,99,335,247,5,2015,422,Africa
Somalia,5,8.18490876,292,760,760,4,2016,602,Africa
Somalia,3,8.735835876,439,1535,1205,24,2017,617,Africa
Somalia,3,8.67458,408,833,819,15,2018,527,Africa
Somalia,3,8.575458825,304,693,752,752,2019,361,Africa
Somalia,3,8.489522657,344,671,491,4,2020,280,Africa
Somalia,3,8.428536507,332,661,489,14,2021,125,Africa
South Africa,112,0,0,0,0,0,2012,4,Africa
South Africa,110,0,0,0,0,0,2013,13,Africa
South Africa,110,0,0,0,0,0,2014,20,Africa
South Africa,90,1.24105004,1,0,0,0,2015,5,Africa
South Africa,95,0.826318935,0,0,0,0,2016,27,Africa
South Africa,102,0.508313379,0,0,0,0,2017,29,Africa
South Africa,70,2.850214327,4,1,2,0,2018,41,Africa
South Africa,74,2.282236444,0,0,0,0,2019,23,Africa
South Africa,76,1.730864483,0,0,0,0,2020,17,Africa
South Africa,76,1.24105004,0,0,0,0,2021,15,Africa
South Korea,112,0,0,0,0,0,2012,0,Asia
South Korea,110,0,0,0,0,0,2013,0,Asia
South Korea,110,0,0,0,0,0,2014,0,Asia
South Korea,85,1.520181983,1,0,1,0,2015,1,Asia
South Korea,93,1.058311564,0,0,0,0,2016,1,Asia
South Korea,100,0.68185185,0,0,0,0,2017,0,Asia
South Korea,107,0.406455517,0,0,0,0,2018,1,Asia
South Korea,109,0.226890594,0,0,0,0,2019,1,Asia
South Korea,105,0,0,0,0,0,2020,0,Asia
South Korea,96,0,0,0,0,0,2021,0,Asia
South Sudan,112,0,0,0,0,0,2012,5,Africa
South Sudan,48,3.747457604,2,6,7,0,2013,13,Africa
South Sudan,49,3.599268308,2,2,0,0,2014,40,Africa
South Sudan,45,4.072765431,6,1,0,31,2015,54,Africa
South Sudan,55,3.481093126,0,0,0,0,2016,59,Africa
South Sudan,65,2.896971243,0,0,0,0,2017,54,Africa
South Sudan,77,2.17728451,0,0,0,0,2018,69,Africa
South Sudan,86,1.534965117,0,0,0,0,2019,13,Africa
South Sudan,105,0,0,0,0,0,2020,16,Africa
South Sudan,96,0,0,0,0,0,2021,14,Africa
Spain,55,3.256669844,0,0,0,0,2012,1,Europe
Spain,70,2.38683533,0,0,0,0,2013,5,Europe
Spain,79,1.840478381,2,0,0,0,2014,4,Europe
Spain,88,1.281280191,0,0,0,0,2015,1,Europe
Spain,84,1.520181983,1,0,0,0,2016,3,Europe
Spain,36,5.146520125,3,16,136,0,2017,4,Europe
Spain,45,4.577609227,2,0,0,0,2018,2,Europe
Spain,51,4.034536343,2,0,0,0,2019,4,Europe
Spain,52,3.443212956,0,0,0,0,2020,0,Europe
Spain,55,2.856596587,0,0,0,0,2021,2,Europe
Sri Lanka,24,5.443778362,2,0,0,3,2012,4,Asia
Sri Lanka,39,4.200714835,0,0,0,0,2013,14,Asia
Sri Lanka,82,1.6187201,0,0,0,0,2014,16,Asia
Sri Lanka,99,0.757098619,0,0,0,0,2015,11,Asia
Sri Lanka,103,0.458883223,0,0,0,0,2016,1,Asia
Sri Lanka,86,1.520181983,1,0,1,0,2017,41,Asia
Sri Lanka,64,3.122693988,2,2,5,0,2018,7,Asia
Sri Lanka,18,6.635180928,11,197,127,127,2019,15,Asia
Sri Lanka,22,6.036154985,0,0,0,0,2020,1,Asia
Sri Lanka,25,5.437530877,0,0,0,0,2021,1,Asia
Sudan,25,5.396542469,3,9,12,38,2012,40,Africa
Sudan,26,5.05395337,4,12,19,0,2013,46,Africa
Sudan,33,4.476782851,1,1,4,0,2014,157,Africa
Sudan,42,4.475316687,7,5,11,3,2015,158,Africa
Sudan,53,3.82137931,0,0,0,0,2016,173,Africa
Sudan,59,3.613960113,3,2,0,0,2017,106,Africa
Sudan,68,2.887819917,0,0,0,0,2018,42,Africa
Sudan,74,2.282236444,0,0,0,0,2019,26,Africa
Sudan,84,1.319721733,0,0,0,0,2020,33,Africa
Sudan,84,0.890406939,0,0,0,0,2021,13,Africa
Sweden,89,1.458384821,0,0,0,0,2012,2,Europe
Sweden,92,0.950071442,0,0,0,0,2013,0,Europe
Sweden,100,0.290978598,0,0,0,0,2014,5,Europe
Sweden,61,3.064697359,1,3,1,0,2015,35,Europe
Sweden,66,2.755533206,2,0,0,0,2016,16,Europe
Sweden,57,3.787378182,8,4,2,0,2017,18,Europe
Sweden,61,3.264640336,1,0,0,0,2018,6,Europe
Sweden,65,2.800784171,1,0,0,0,2019,2,Europe
Sweden,68,2.163222537,0,0,0,0,2020,3,Europe
Sweden,71,1.605312199,0,0,0,0,2021,5,Europe
Switzerland,87,1.520181983,0,0,0,0,2012,0,Europe
Switzerland,90,1.058311564,0,0,0,0,2013,2,Europe
Switzerland,95,0.68185185,0,0,0,0,2014,0,Europe
Switzerland,104,0.406455517,0,0,0,0,2015,0,Europe
Switzerland,106,0,0,0,0,0,2016,2,Europe
Switzerland,89,1.24105004,1,0,0,0,2017,0,Europe
Switzerland,78,2.163222537,3,0,0,0,2018,1,Europe
Switzerland,85,1.631923292,0,0,0,0,2019,1,Europe
Switzerland,57,3.09418177,6,1,2,0,2020,2,Europe
Switzerland,56,2.776712851,2,0,0,0,2021,2,Europe
Syria,4,8.238078587,168,1014,1833,71,2012,180,Asia
Syria,4,8.445953206,80,907,1012,4,2013,287,Asia
Syria,5,8.306237304,44,545,423,43,2014,333,Asia
Syria,6,8.025665068,30,226,450,201,2015,491,Asia
Syria,7,8.098809039,26,531,531,0,2016,474,Asia
Syria,7,7.963508012,25,376,545,0,2017,250,Asia
Syria,8,7.821796146,26,323,393,0,2018,235,Asia
Syria,6,7.919990341,151,368,894,894,2019,293,Asia
Syria,5,8.315132382,450,746,1076,15,2020,256,Asia
Syria,6,8.261250774,354,494,523,47,2021,144,Asia
Taiwan,112,0,0,0,0,0,2012,0,Asia
Taiwan,110,0,0,0,0,0,2013,2,Asia
Taiwan,110,0,0,0,0,0,2014,1,Asia
Taiwan,106,0,0,0,0,0,2015,0,Asia
Taiwan,106,0,0,0,0,0,2016,1,Asia
Taiwan,86,1.520181983,1,0,1,0,2017,1,Asia
Taiwan,96,1.058311564,0,0,0,0,2018,3,Asia
Taiwan,102,0.68185185,0,0,0,0,2019,1,Asia
Taiwan,96,0.406455517,0,0,0,0,2020,0,Asia
Taiwan,94,0.226890594,0,0,0,0,2021,0,Asia
Tajikistan,40,4.293038452,0,0,0,0,2012,5,Asia
Tajikistan,49,3.736033497,1,0,0,0,2013,0,Asia
Tajikistan,57,3.207239688,1,0,0,0,2014,1,Asia
Tajikistan,95,1.10774172,0,0,0,0,2015,3,Asia
Tajikistan,100,0.68185185,0,0,0,0,2016,2,Asia
Tajikistan,71,2.306598402,1,1,0,0,2017,2,Asia
Tajikistan,29,5.466773648,2,56,3,0,2018,3,Asia
Tajikistan,35,5.174861989,2,10,10,10,2019,2,Asia
Tajikistan,40,4.577609227,0,0,0,0,2020,0,Asia
Tajikistan,47,3.982515694,0,0,0,0,2021,0,Asia
Tanzania,112,0,0,0,0,0,2012,0,Africa
Tanzania,79,1.730864483,2,0,0,0,2013,7,Africa
Tanzania,41,3.927164377,8,5,10,0,2014,11,Africa
Tanzania,49,3.69119111,5,0,5,0,2015,14,Africa
Tanzania,61,3.177044371,1,0,0,0,2016,3,Africa
Tanzania,68,2.599291157,0,0,0,0,2017,6,Africa
Tanzania,79,2.025175617,0,0,0,0,2018,3,Africa
Tanzania,56,3.732576628,1,6,7,7,2019,1,Africa
Tanzania,36,4.823347121,5,22,0,0,2020,8,Africa
Tanzania,35,4.660427709,3,7,6,0,2021,0,Africa
Thailand,9,7.499810283,199,184,493,0,2012,280,Asia
Thailand,9,7.469150406,196,154,413,0,2013,472,Asia
Thailand,9,7.385031249,156,136,350,0,2014,423,Asia
Thailand,13,7.245110641,131,83,415,0,2015,278,Asia
Thailand,12,7.107054162,152,67,67,0,2016,329,Asia
Thailand,15,6.901270062,92,51,236,4,2017,179,Asia
Thailand,18,6.661657848,100,35,115,0,2018,182,Asia
Thailand,19,6.567257672,71,59,99,99,2019,130,Asia
Thailand,19,6.178905935,24,14,76,0,2020,39,Asia
Thailand,22,5.726601075,14,7,35,0,2021,27,Asia
Togo,112,0,0,0,0,0,2012,0,Africa
Togo,110,0,0,0,0,0,2013,0,Africa
Togo,110,0,0,0,0,0,2014,0,Africa
Togo,106,0,0,0,0,0,2015,0,Africa
Togo,106,0,0,0,0,0,2016,0,Africa
Togo,108,0,0,0,0,0,2017,0,Africa
Togo,110,0,0,0,0,0,2018,0,Africa
Togo,112,0,0,0,0,0,2019,0,Africa
Togo,105,0,0,0,0,0,2020,0,Africa
Togo,76,1.24105004,1,0,0,0,2021,0,Africa
Trinidad and Tobago,112,0,0,0,0,0,2012,0,Americas
Trinidad and Tobago,110,0,0,0,0,0,2013,3,Americas
Trinidad and Tobago,110,0,0,0,0,0,2014,0,Americas
Trinidad and Tobago,106,0,0,0,0,0,2015,1,Americas
Trinidad and Tobago,106,0,0,0,0,0,2016,0,Americas
Trinidad and Tobago,108,0,0,0,0,0,2017,0,Americas
Trinidad and Tobago,110,0,0,0,0,0,2018,1,Americas
Trinidad and Tobago,112,0,0,0,0,0,2019,1,Americas
Trinidad and Tobago,105,0,0,0,0,0,2020,1,Americas
Trinidad and Tobago,96,0,0,0,0,0,2021,0,Americas
Tunisia,54,3.344173977,3,0,0,5,2012,3,Africa
Tunisia,29,4.916879074,14,22,9,0,2013,29,Africa
Tunisia,22,5.376763234,11,28,31,0,2014,23,Africa
Tunisia,24,6.284296299,19,99,106,0,2015,19,Africa
Tunisia,23,6.034786069,12,28,28,1,2016,12,Africa
Tunisia,29,5.618230507,16,5,17,0,2017,4,Africa
Tunisia,28,5.523178424,18,16,37,0,2018,19,Africa
Tunisia,34,5.238265107,19,4,18,18,2019,16,Africa
Tunisia,37,4.749645155,6,3,5,6,2020,5,Africa
Tunisia,39,4.4570266,4,5,1,0,2021,4,Africa
Turkey,11,7.387463099,157,188,502,89,2012,190,Asia
Turkey,13,7.015625579,13,56,140,4,2013,42,Asia
Turkey,17,6.469894278,10,7,5,9,2014,95,Asia
Turkey,9,7.503475289,224,286,933,44,2015,425,Asia
Turkey,6,8.173357275,247,591,591,7,2016,544,Asia
Turkey,8,7.834440008,113,154,307,4,2017,181,Asia
Turkey,11,7.410756335,66,66,93,0,2018,94,Asia
Turkey,16,7.042677264,54,51,93,93,2019,70,Asia
Turkey,17,6.484198276,16,17,14,2,2020,20,Asia
Turkey,23,5.678686082,15,6,7,0,2021,14,Asia
Turkmenistan,112,0,0,0,0,0,2012,0,Asia
Turkmenistan,110,0,0,0,0,0,2013,0,Asia
Turkmenistan,48,3.609977947,2,6,0,0,2014,1,Asia
Turkmenistan,50,3.651537525,1,3,2,0,2015,0,Asia
Turkmenistan,63,3.064697359,0,0,0,0,2016,0,Asia
Turkmenistan,70,2.489908641,0,0,0,0,2017,0,Asia
Turkmenistan,81,1.937748474,0,0,0,0,2018,0,Asia
Turkmenistan,95,1.005883858,0,0,0,0,2019,0,Asia
Turkmenistan,105,0,0,0,0,0,2020,0,Asia
Turkmenistan,96,0,0,0,0,0,2021,0,Asia
Uganda,33,4.634778606,0,0,0,0,2012,4,Africa
Uganda,42,4.039408425,0,0,0,0,2013,0,Africa
Uganda,54,3.446433788,0,0,0,0,2014,6,Africa
Uganda,57,3.24457465,2,3,4,0,2015,10,Africa
Uganda,69,2.665211995,0,0,0,0,2016,15,Africa
Uganda,76,2.104570079,0,0,0,0,2017,13,Africa
Uganda,86,1.577856169,0,0,0,0,2018,10,Africa
Uganda,92,1.10774172,0,0,0,0,2019,4,Africa
Uganda,105,0,0,0,0,0,2020,5,Africa
Uganda,45,4.191935142,4,5,41,0,2021,11,Africa
Ukraine,50,3.78954287,3,0,30,0,2012,8,Europe
Ukraine,54,3.327736036,2,0,0,0,2013,5,Europe
Ukraine,53,3.481093126,9,0,3,0,2014,896,Europe
Ukraine,31,5.384660936,56,10,125,2,2015,638,Europe
Ukraine,38,4.935464983,12,1,1,0,2016,62,Europe
Ukraine,44,4.604141304,6,3,5,0,2017,62,Europe
Ukraine,49,4.329113652,8,1,7,0,2018,36,Europe
Ukraine,55,3.828642155,3,0,0,0,2019,31,Europe
Ukraine,61,2.958454449,1,0,0,0,2020,38,Europe
Ukraine,63,2.30057195,0,0,0,0,2021,10,Europe
United Arab Emirates,112,0,0,0,0,0,2012,0,Asia
United Arab Emirates,110,0,0,0,0,0,2013,1,Asia
United Arab Emirates,70,2.45014107,2,1,0,0,2014,2,Asia
United Arab Emirates,76,2.269793175,1,0,1,0,2015,0,Asia
United Arab Emirates,79,1.730864483,0,0,0,0,2016,0,Asia
United Arab Emirates,89,1.24105004,0,0,0,0,2017,0,Asia
United Arab Emirates,98,0.826318935,0,0,0,0,2018,0,Asia
United Arab Emirates,109,0.226890594,0,0,0,0,2019,0,Asia
United Arab Emirates,105,0,0,0,0,0,2020,0,Asia
United Arab Emirates,96,0,0,0,0,0,2021,0,Asia
United Kingdom,35,4.568434785,22,1,0,0,2012,54,Europe
United Kingdom,32,4.58969235,29,1,1,0,2013,136,Europe
United Kingdom,32,4.497052349,25,0,2,0,2014,104,Europe
United Kingdom,38,4.527974544,25,1,8,0,2015,114,Europe
United Kingdom,37,4.965950375,44,6,6,0,2016,104,Europe
United Kingdom,22,6.026364015,64,37,218,0,2017,123,Europe
United Kingdom,26,5.690406115,46,1,22,0,2018,101,Europe
United Kingdom,32,5.358637138,28,3,9,9,2019,85,Europe
United Kingdom,32,5.021277283,14,3,10,0,2020,90,Europe
United Kingdom,37,4.552924387,7,1,1,0,2021,40,Europe
Uruguay,95,0.890406939,0,0,0,0,2012,0,Americas
Uruguay,97,0.555070295,0,0,0,0,2013,0,Americas
Uruguay,110,0,0,0,0,0,2014,0,Americas
Uruguay,106,0,0,0,0,0,2015,0,Americas
Uruguay,106,0,0,0,0,0,2016,1,Americas
Uruguay,82,1.730864483,2,0,0,0,2017,0,Americas
Uruguay,91,1.24105004,0,0,0,0,2018,0,Americas
Uruguay,96,0.826318935,0,0,0,0,2019,0,Americas
Uruguay,74,1.819639004,2,0,0,0,2020,0,Americas
Uruguay,75,1.319721733,0,0,0,0,2021,0,Americas
Uzbekistan,83,1.840478381,0,0,0,0,2012,0,Asia
Uzbekistan,87,1.338320133,0,0,0,0,2013,0,Asia
Uzbekistan,100,0.290978598,0,0,0,0,2014,0,Asia
Uzbekistan,88,1.281280191,1,0,0,0,2015,1,Asia
Uzbekistan,95,0.826318935,0,0,0,0,2016,0,Asia
Uzbekistan,102,0.508313379,0,0,0,0,2017,0,Asia
Uzbekistan,108,0.290978598,0,0,0,0,2018,0,Asia
Uzbekistan,111,0.157670278,0,0,0,0,2019,0,Asia
Uzbekistan,105,0,0,0,0,0,2020,0,Asia
Uzbekistan,96,0,0,0,0,0,2021,0,Asia
Venezuela,69,2.408456264,0,0,0,0,2012,1,Americas
Venezuela,63,2.649196866,1,1,0,0,2013,1,Americas
Venezuela,80,1.798285023,0,0,0,0,2014,4,Americas
Venezuela,72,2.460255715,1,1,0,0,2015,3,Americas
Venezuela,76,2.163222537,1,0,0,0,2016,6,Americas
Venezuela,85,1.631923292,0,0,0,0,2017,17,Americas
Venezuela,34,5.128322877,5,34,19,0,2018,11,Americas
Venezuela,42,4.531190243,0,0,0,0,2019,9,Americas
Venezuela,47,3.989406505,2,0,0,0,2020,7,Americas
Venezuela,46,3.999640853,4,2,0,12,2021,12,Americas
Vietnam,112,0,0,0,0,0,2012,0,Asia
Vietnam,110,0,0,0,0,0,2013,0,Asia
Vietnam,110,0,0,0,0,0,2014,0,Asia
Vietnam,106,0,0,0,0,0,2015,0,Asia
Vietnam,106,0,0,0,0,0,2016,0,Asia
Vietnam,108,0,0,0,0,0,2017,2,Asia
Vietnam,87,1.520181983,1,0,1,0,2018,1,Asia
Vietnam,93,1.058311564,0,0,0,0,2019,0,Asia
Vietnam,89,0.68185185,0,0,0,0,2020,0,Asia
Vietnam,88,0.406455517,0,0,0,0,2021,0,Asia
Yemen,5,8.098512649,219,651,798,121,2012,313,Asia
Yemen,6,7.983732085,201,316,444,13,2013,435,Asia
Yemen,6,7.97955827,145,432,286,2,2014,814,Asia
Yemen,5,8.040714765,93,458,748,13,2015,818,Asia
Yemen,9,7.889900965,52,342,342,0,2016,917,Asia
Yemen,11,7.497006727,44,120,129,0,2017,531,Asia
Yemen,13,7.185718757,45,92,145,18,2018,498,Asia
Yemen,17,6.847370911,18,75,60,60,2019,795,Asia
Yemen,20,6.158683622,3,4,0,1,2020,474,Asia
Yemen,21,5.886206547,4,38,17,0,2021,290,Asia
Zambia,112,0,0,0,0,0,2012,0,Africa
Zambia,110,0,0,0,0,0,2013,0,Africa
Zambia,110,0,0,0,0,0,2014,0,Africa
Zambia,106,0,0,0,0,0,2015,0,Africa
Zambia,106,0,0,0,0,0,2016,0,Africa
Zambia,108,0,0,0,0,0,2017,2,Africa
Zambia,110,0,0,0,0,0,2018,0,Africa
Zambia,112,0,0,0,0,0,2019,0,Africa
Zambia,105,0,0,0,0,0,2020,0,Africa
Zambia,96,0,0,0,0,0,2021,1,Africa
Zimbabwe,112,0,0,0,0,0,2012,0,Africa
Zimbabwe,110,0,0,0,0,0,2013,3,Africa
Zimbabwe,110,0,0,0,0,0,2014,1,Africa
Zimbabwe,106,0,0,0,0,0,2015,0,Africa
Zimbabwe,106,0,0,0,0,0,2016,0,Africa
Zimbabwe,108,0,0,0,0,0,2017,3,Africa
Zimbabwe,110,0,0,0,0,0,2018,2,Africa
Zimbabwe,112,0,0,0,0,0,2019,2,Africa
Zimbabwe,105,0,0,0,0,0,2020,1,Africa
Zimbabwe,96,0,0,0,0,0,2021,0,Africa
Kosovo,80,1.982566394,1,0,0,0,2018,2,Africa
Kosovo,87,1.425747276,0,0,0,0,2019,0,Africa
Kosovo,86,0.950071442,0,0,0,0,2020,3,Africa
Kosovo,89,0.290978598,0,0,0,0,2021,1,Africa
Kosovo,90,0.157670278,0,0,0,0,2022,,Africa
Oman,103,0.508313379,0,0,0,0,2012,,Asia
Czech Republic,112,0,0,0,0,0,2012,,Europe
Kyrgyz Republic,79,2.008383006,0,0,0,0,2012,,Asia
Kyrgyz Republic,59,3.059684056,2,2,2,0,2013,,Asia
Mongolia,112,0,0,0,0,0,2012,,Asia
Timor-Leste,112,0,0,0,0,0,2012,,Asia
Kyrgyz Republic,69,2.485036559,0,0,0,0,2014,,Asia
Kyrgyz Republic,81,1.819639004,0,0,0,0,2015,,Asia
Kyrgyz Republic,75,2.38683533,2,0,0,0,2016,,Asia
Kyrgyz Republic,80,1.840478381,0,0,0,0,2017,,Asia
Kyrgyz Republic,94,1.154498636,0,0,0,0,2018,,Asia
Oman,105,0.290978598,0,0,0,0,2013,,Asia
Czech Republic,110,0,0,0,0,0,2013,,Europe
Kyrgyz Republic,100,0.757098619,0,0,0,0,2019,,Asia
Kyrgyz Republic,94,0.458883223,0,0,0,0,2020,,Asia
Mongolia,110,0,0,0,0,0,2013,,Asia
Timor-Leste,110,0,0,0,0,0,2013,,Asia
Kyrgyz Republic,96,0,0,0,0,0,2021,,Asia
Kyrgyz Republic,93,0,0,0,0,0,2022,,Asia
Macedonia (FYR),112,0,0,0,0,0,2012,,Europe
Macedonia (FYR),110,0,0,0,0,0,2013,,Europe
Macedonia (FYR),87,1.24105004,1,0,0,0,2014,,Europe
Macedonia (FYR),46,3.997943517,1,5,30,0,2015,,Europe
Oman,106,0.157670278,0,0,0,0,2014,,Asia
Czech Republic,110,0,0,0,0,0,2014,,Europe
Macedonia (FYR),58,3.406968736,0,0,0,0,2016,,Europe
Mongolia,110,0,0,0,0,0,2014,,Asia
Timor-Leste,110,0,0,0,0,0,2014,,Asia
Macedonia (FYR),63,2.923858144,1,0,0,0,2017,,Europe
Macedonia (FYR),75,2.353355318,0,0,0,0,2018,,Europe
Macedonia (FYR),82,1.798285023,0,0,0,0,2019,,Europe
Macedonia (FYR),97,0.290978598,0,0,0,0,2020,,Europe
Macedonia (FYR),95,0.157670278,0,0,0,0,2021,,Europe
Macedonia (FYR),93,0,0,0,0,0,2022,,Europe
Czech Republic,82,1.730864483,2,0,0,0,2015,,Europe
North Korea,112,0,0,0,0,0,2012,0,Asia
Mongolia,106,0,0,0,0,0,2015,,Asia
Oman,106,0,0,0,0,0,2015,,Asia
Timor-Leste,106,0,0,0,0,0,2015,,Asia
North Korea,110,0,0,0,0,0,2013,0,Asia
North Korea,110,0,0,0,0,0,2014,0,Asia
North Korea,106,0,0,0,0,0,2015,0,Asia
North Korea,106,0,0,0,0,0,2016,0,Asia
North Korea,108,0,0,0,0,0,2017,0,Asia
North Korea,110,0,0,0,0,0,2018,0,Asia
Czech Republic,79,1.730864483,1,0,0,0,2016,,Europe
North Korea,112,0,0,0,0,0,2019,0,Asia
Mongolia,106,0,0,0,0,0,2016,,Asia
Oman,106,0,0,0,0,0,2016,,Asia
Timor-Leste,106,0,0,0,0,0,2016,,Asia
North Korea,105,0,0,0,0,0,2020,0,Asia
North Korea,96,0,0,0,0,0,2021,0,Asia
North Korea,93,0,0,0,0,0,2022,,Asia
Palestine,34,4.629883542,6,3,1,0,2012,,Asia
Palestine,36,4.464983342,9,3,11,0,2013,,Asia
Czech Republic,77,2.04164835,2,0,0,0,2017,,Europe
Palestine,38,4.05624775,4,1,3,0,2014,,Asia
Palestine,27,5.75189285,106,17,134,6,2015,,Asia
Mongolia,108,0,0,0,0,0,2017,,Asia
Oman,108,0,0,0,0,0,2017,,Asia
Timor-Leste,108,0,0,0,0,0,2017,,Asia
Palestine,26,5.820829387,92,6,6,0,2016,,Asia
Palestine,26,5.736783969,50,13,36,0,2017,,Asia
Palestine,27,5.673072112,52,10,40,1,2018,,Asia
Palestine,31,5.409592397,25,6,19,19,2019,,Asia
Palestine,33,4.979161972,21,0,7,0,2020,,Asia
Czech Republic,87,1.520181983,0,0,0,0,2018,,Europe
Palestine,32,4.736003483,17,1,19,0,2021,,Asia
Palestine,33,4.611276248,17,1,21,0,2022,,Asia
Mongolia,110,0,0,0,0,0,2018,,Asia
Oman,110,0,0,0,0,0,2018,,Asia
Timor-Leste,110,0,0,0,0,0,2018,,Asia
Republic of the Congo,112,0,0,0,0,0,2012,0,Africa
Republic of the Congo,110,0,0,0,0,0,2013,1,Africa
Republic of the Congo,110,0,0,0,0,0,2014,0,Africa
Republic of the Congo,106,0,0,0,0,0,2015,0,Africa
Republic of the Congo,106,0,0,0,0,0,2016,15,Africa
Czech Republic,93,1.058311564,0,0,0,0,2019,,Europe
Republic of the Congo,108,0,0,0,0,0,2017,0,Africa
Mongolia,112,0,0,0,0,0,2019,,Asia
Oman,112,0,0,0,0,0,2019,,Asia
Republic of the Congo,110,0,0,0,0,0,2018,0,Africa
Timor-Leste,112,0,0,0,0,0,2019,,Asia
Republic of the Congo,112,0,0,0,0,0,2019,0,Africa
Republic of the Congo,105,0,0,0,0,0,2020,0,Africa
Republic of the Congo,96,0,0,0,0,0,2021,0,Africa
Republic of the Congo,93,0,0,0,0,0,2022,,Africa
Czech Republic,90,0.599428341,0,0,0,0,2020,,Europe
The Gambia,112,0,0,0,0,0,2012,,Africa
The Gambia,110,0,0,0,0,0,2013,,Africa
The Gambia,110,0,0,0,0,0,2014,,Africa
Mongolia,105,0,0,0,0,0,2020,,Asia
Oman,105,0,0,0,0,0,2020,,Asia
Timor-Leste,105,0,0,0,0,0,2020,,Asia
The Gambia,106,0,0,0,0,0,2015,,Africa
The Gambia,106,0,0,0,0,0,2016,,Africa
The Gambia,108,0,0,0,0,0,2017,,Africa
The Gambia,110,0,0,0,0,0,2018,,Africa
Czech Republic,89,0.290978598,0,0,0,0,2021,,Europe
The Gambia,112,0,0,0,0,0,2019,,Africa
The Gambia,105,0,0,0,0,0,2020,,Africa
The Gambia,96,0,0,0,0,0,2021,,Africa
Mongolia,96,0,0,0,0,0,2021,,Asia
Oman,96,0,0,0,0,0,2021,,Asia
Timor-Leste,96,0,0,0,0,0,2021,,Asia
Afghanistan,1,8.822243713,225,633,897,0,2022,,Asia
Burkina Faso,2,8.564100765,310,1135,496,84,2022,,Africa
Somalia,3,8.463030913,299,755,1001,0,2022,,Africa
Mali,4,8.412392411,272,944,376,24,2022,,Africa
Syria,5,8.16124284,197,447,451,2,2022,,Asia
Pakistan,6,8.160153142,298,643,802,13,2022,,Asia
Iraq,7,8.138617814,401,174,339,7,2022,,Asia
Nigeria,8,8.064811253,120,385,147,59,2022,,Africa
Myanmar,9,7.976679176,755,415,349,13,2022,,Asia
Niger,10,7.61620676,54,198,118,16,2022,,Africa
Cameroon,11,7.347001638,116,166,53,65,2022,,Africa
Mozambique,12,7.329904046,90,163,24,31,2022,,Africa
India,13,7.174962015,142,78,150,2,2022,,Asia
The Gambia,93,0,0,0,0,0,2022,,Africa
Colombia,15,6.696919796,45,21,114,2,2022,,Americas
Egypt,16,6.631550901,30,72,34,3,2022,,Africa
Chile,17,6.619298573,310,9,49,0,2022,,Americas
Philippines,18,6.32798375,20,18,38,0,2022,,Asia
Chad,19,6.167783493,6,36,62,0,2022,,Africa
Kenya,20,6.162585367,26,51,26,6,2022,,Africa
Iran,21,5.687521067,7,42,68,0,2022,,Asia
Yemen,22,5.616402193,9,19,23,5,2022,,Asia
Turkey,23,5.600303977,10,17,107,0,2022,,Asia
Indonesia,24,5.502101062,7,25,22,0,2022,,Asia
Israel,25,5.489021816,23,28,69,0,2022,,Asia
Thailand,26,5.430103564,25,4,47,0,2022,,Asia
Togo,27,4.914527496,5,26,16,0,2022,,Africa
Benin,28,4.839548275,12,18,15,1,2022,,Africa
Sri Lanka,29,4.839227208,0,0,0,0,2022,,Asia
United States of America,39,4.31803763,3,6,3,0,2012,,Americas
Greece,31,4.793058823,35,0,2,0,2022,,Europe
Libya,32,4.72983026,4,4,5,0,2022,,Africa
United States of America,25,5.057204003,3,4,141,0,2013,,Americas
France,34,4.419243359,9,4,3,0,2022,,Europe
Germany,35,4.242043833,5,0,0,0,2022,,Europe
Nepal,36,4.134401386,2,0,2,0,2022,,Asia
Algeria,37,4.082834779,1,3,0,0,2022,,Africa
Tanzania,38,4.064939203,0,0,0,0,2022,,Africa
Burundi,39,4.050670995,0,0,0,0,2022,,Africa
Tunisia,40,3.988548151,3,0,5,0,2022,,Africa
Peru,41,3.856098185,0,0,0,0,2022,,Americas
United Kingdom,42,3.839933373,4,0,2,0,2022,,Europe
Bangladesh,43,3.826573273,2,0,2,0,2022,,Asia
Djibouti,44,3.800285769,1,7,6,0,2022,,Africa
Russia,45,3.799217465,3,2,0,0,2022,,Europe
New Zealand,46,3.776472712,0,0,0,0,2022,,Oceania
United States of America,25,5.0277571,6,13,15,0,2014,,Americas
Uganda,48,3.599268308,0,0,0,0,2022,,Africa
Norway,49,3.514416742,1,2,21,0,2022,,Europe
Tajikistan,50,3.438359104,1,0,0,0,2022,,Asia
Venezuela,51,3.408649577,0,0,0,0,2022,,Americas
Lebanon,52,3.400212512,2,1,3,0,2022,,Asia
Italy,53,3.290048491,3,0,0,0,2022,,Europe
Canada,54,3.274501245,0,0,0,0,2022,,Americas
Central African Republic,55,3.194427716,1,3,2,0,2022,,Africa
Ethiopia,56,3.044467377,2,0,7,0,2022,,Africa
Argentina,57,2.875465531,4,0,2,0,2022,,Americas
Slovakia,58,2.783659012,1,2,1,0,2022,,Europe
Belgium,59,2.762650878,3,1,1,0,2022,,Europe
Spain,60,2.711551239,6,0,1,0,2022,,Europe
Austria,61,2.677031664,0,0,0,0,2022,,Europe
Japan,62,2.397713364,1,1,0,0,2022,,Asia
Saudi Arabia,63,2.38683533,0,0,0,0,2022,,Asia
Sweden,64,2.306598402,1,1,0,0,2022,,Europe
Switzerland,65,2.20474054,0,0,0,0,2022,,Europe
Ecuador,66,2.197957821,0,0,0,0,2022,,Americas
Netherlands,67,2.119610324,0,0,0,0,2022,,Europe
Jordan,68,2.033451205,0,0,0,0,2022,,Asia
Australia,69,1.830121463,0,0,0,0,2022,,Oceania
Uzbekistan,70,1.730864483,2,0,0,0,2022,,Asia
Paraguay,71,1.605312199,0,0,0,0,2022,,Americas
Mexico,72,1.577856169,0,0,0,0,2022,,Americas
Ukraine,73,1.534965117,0,0,0,0,2022,,Europe
Cyprus,74,1.391829506,0,0,0,0,2022,,Asia
Malaysia,75,1.356526959,0,0,0,0,2022,,Asia
United Arab Emirates,76,1.24105004,1,0,0,0,2022,,Asia
Senegal,77,1.10774172,0,0,0,0,2022,,Africa
Eswatini,78,1.058311564,0,0,0,0,2022,,Africa
Bahrain,79,0.826318935,0,0,0,0,2022,,Asia
Uruguay,79,0.826318935,0,0,0,0,2022,,Americas
Rwanda,79,0.826318935,0,0,0,0,2022,,Africa
South Africa,79,0.826318935,0,0,0,0,2022,,Africa
Morocco,83,0.757098619,0,0,0,0,2022,,Africa
Romania,84,0.68185185,0,0,0,0,2022,,Europe
Brazil,85,0.599428341,0,0,0,0,2022,,Americas
Lithuania,86,0.508313379,0,0,0,0,2022,,Europe
Ireland,87,0.290978598,0,0,0,0,2022,,Europe
Mauritania,87,0.290978598,0,0,0,0,2022,,Africa
Vietnam,89,0.226890594,0,0,0,0,2022,,Asia
Angola,90,0.157670278,0,0,0,0,2022,,Africa
Denmark,90,0.157670278,0,0,0,0,2022,,Europe
United States of America,32,5.329622954,4,26,28,0,2015,,Americas
China,93,0,0,0,0,0,2022,,Asia
Finland,93,0,0,0,0,0,2022,,Europe
Czech Republic,93,0,0,0,0,0,2022,,Europe
Gabon,93,0,0,0,0,0,2022,,Africa
Sudan,93,0,0,0,0,0,2022,,Africa
Taiwan,93,0,0,0,0,0,2022,,Asia
Albania,93,0,0,0,0,0,2022,,Europe
Armenia,93,0,0,0,0,0,2022,,Asia
Azerbaijan,93,0,0,0,0,0,2022,,Asia
Bulgaria,93,0,0,0,0,0,2022,,Europe
United States of America,25,5.880445725,8,49,49,0,2016,,Americas
Belarus,93,0,0,0,0,0,2022,,Europe
Bolivia,93,0,0,0,0,0,2022,,Americas
Bhutan,93,0,0,0,0,0,2022,,Asia
Botswana,93,0,0,0,0,0,2022,,Africa
United States of America,17,6.614035211,20,74,547,0,2017,,Americas
Costa Rica,93,0,0,0,0,0,2022,,Americas
Cuba,93,0,0,0,0,0,2022,,Americas
Dominican Republic,93,0,0,0,0,0,2022,,Americas
Eritrea,93,0,0,0,0,0,2022,,Africa
Estonia,93,0,0,0,0,0,2022,,Europe
Georgia,93,0,0,0,0,0,2022,,Asia
Ghana,93,0,0,0,0,0,2022,,Africa
Guinea,93,0,0,0,0,0,2022,,Africa
United States of America,21,6.149910343,9,14,14,0,2018,,Americas
United States of America,24,6.041768977,24,31,62,62,2019,,Americas
Equatorial Guinea,93,0,0,0,0,0,2022,,Africa
Guatemala,93,0,0,0,0,0,2022,,Americas
Guyana,93,0,0,0,0,0,2022,,Americas
Honduras,93,0,0,0,0,0,2022,,Americas
Croatia,93,0,0,0,0,0,2022,,Europe
Haiti,93,0,0,0,0,0,2022,,Americas
Hungary,93,0,0,0,0,0,2022,,Europe
Iceland,93,0,0,0,0,0,2022,,Europe
Jamaica,93,0,0,0,0,0,2022,,Americas
Kazakhstan,93,0,0,0,0,0,2022,,Asia
United States of America,27,5.532879837,9,2,13,0,2020,,Americas
Cambodia,93,0,0,0,0,0,2022,,Asia
South Korea,93,0,0,0,0,0,2022,,Asia
Kuwait,93,0,0,0,0,0,2022,,Asia
Laos,93,0,0,0,0,0,2022,,Asia
Liberia,93,0,0,0,0,0,2022,,Africa
Lesotho,93,0,0,0,0,0,2022,,Africa
Latvia,93,0,0,0,0,0,2022,,Europe
Moldova,93,0,0,0,0,0,2022,,Europe
Madagascar,93,0,0,0,0,0,2022,,Africa
United States of America,28,5.01841071,7,3,0,0,2021,,Americas
Montenegro,93,0,0,0,0,0,2022,,Europe
Mongolia,93,0,0,0,0,0,2022,,Asia
Mauritius,93,0,0,0,0,0,2022,,Africa
Malawi,93,0,0,0,0,0,2022,,Africa
Namibia,93,0,0,0,0,0,2022,,Africa
Nicaragua,93,0,0,0,0,0,2022,,Americas
Oman,93,0,0,0,0,0,2022,,Asia
Panama,93,0,0,0,0,0,2022,,Americas
Papua New Guinea,93,0,0,0,0,0,2022,,Oceania
Poland,93,0,0,0,0,0,2022,,Europe
United States of America,30,4.798798242,8,11,7,0,2022,,Americas
Portugal,93,0,0,0,0,0,2022,,Europe
Qatar,93,0,0,0,0,0,2022,,Asia
Singapore,93,0,0,0,0,0,2022,,Asia
Sierra Leone,93,0,0,0,0,0,2022,,Africa
El Salvador,93,0,0,0,0,0,2022,,Americas
Serbia,93,0,0,0,0,0,2022,,Europe
South Sudan,93,0,0,0,0,0,2022,,Africa
Slovenia,93,0,0,0,0,0,2022,,Europe
Turkmenistan,93,0,0,0,0,0,2022,,Asia
Timor-Leste,93,0,0,0,0,0,2022,,Asia
Trinidad and Tobago,93,0,0,0,0,0,2022,,Americas
Zambia,93,0,0,0,0,0,2022,,Africa
Zimbabwe,93,0,0,0,0,0,2022,,Africa
